
> mev-listener@0.1.0 searcher:live
> tsx src/searcher/main.ts

[searcher/live] starting V5 MEV-Share searcher
[searcher/live] events emit → ../analysis/events/searcher-20260629-213203.jsonl
[searcher/live] sse=https://mev-share.flashbots.net
[searcher/live] mempool=enabled
[searcher/live] bribeBps=10000 maxProfitBpsOfFlash=2000 ethUsd=3500
[searcher/live] evGate=off minNetEth=0 gasBufferMult=2.0x profitHaircut=20% hashOnlySubmit=gated
[searcher/live] wallet=<REDACTED_WALLET>
[searcher/live] botvm=<REDACTED_BOTVM>
[searcher/live] liveBackend=hybrid
[searcher/live] minProfitRaw=1
[searcher/live] mode=dry-run
[searcher/live] hashOnly=disabled
[searcher/live] maxCandidates=20
[searcher/live] maxHops=3 maxPoolsPerToken=8 maxRotationsPerPath=3
[searcher/live] revmPrewarmRouteHops=0
[searcher/live] stateUpdater=enabled pinnedK=8 recentK=24 maxPools=32
[searcher/live] quoteSafetyBps=9999 quoteProfitFloorBps=20 finalVerifyFloorBps=4
[searcher/live] pinnedWarmPools=<REPO_PATH>/listener/searcher/pools/pinned-warm-pools.json
[searcher/live] poolUniverse=<REPO_PATH>/listener/searcher/pools/active-pools.json topN=0 minScore=1
[searcher/live] solverDeadlineMs=8000 oppTtlMs=5000 gssMaxTries=12 finalSimTopN=3
[discovery] univ2 factory (0x5C69bEe7): 656 new pools in last 50000 blocks
[discovery] univ2 factory (0xC0AEe478): 1 new pools in last 50000 blocks
[discovery] univ3 factory (0x1F98431c): 1580 new pools in last 50000 blocks
[discovery] scanned 300 blocks: 1087 active pools, taking top 100
[searcher/live] pool registry: 2 protocol + 8 pinned + 0 universe + 2237 factory + 100 swap-active = 2328 total
[token-graph] progress: 500/2328 pools, 1102 edges, 0 skipped
[token-graph] progress: 1000/2328 pools, 2102 edges, 0 skipped
[token-graph] progress: 1500/2328 pools, 3102 edges, 0 skipped
[token-graph] progress: 2000/2328 pools, 4102 edges, 0 skipped
[token-graph] built 4662 edges from 2328 pools
[searcher/live] flashLiquidity: 33/2278 graph tokens borrowable
[searcher/live] routing graph: 4662 edges, 2278 tokens | detection pool set: 2328 addresses
[searcher/live] seeded pinned warm hops: 17 directions from 8 pools
[searcher/live] warm lanes pinnedK=0 recentK=1 recentTtlBlocks=12 idleDelayMs=1000
[searcher/live] mempool=enabled ws=wss://eth-mainnet.g.alchemy.com/v2/<REDACTED_ALCHEMY_KEY>
[searcher/live] mempool filtered subscription toAddress=224 routers=14
[searcher/live] MEV-Share SSE connected
[searcher/live] hint tx=0x7b3091161d3f11254cf870b4a52660262bbbf03e0bd1f5c83874dabb924dfd26 src=mev-share
[searcher/live] 0x7b309116 skip: no matching graph pool
[searcher/live] 0x7b309116 end-to-end 8ms
[searcher/live] counters hints=1 impacts=0 opportunities=0 plans=0 solverEntered=0 solverSuccess=0 revmSimSuccess=0 rpcVerifySuccess=0 simSuccess=0 submitAttempts=0 accepted=0 expiredBeforeSolver=0 quoteTimeouts=0 simReverts=0 finalVerifyFailed=0 finalVerifySkipped=0 missingState=0 revmErrors=0 pendingReceived=0 pendingFilteredReceived=0 mempoolOpportunitySeen=0 mempoolToSim=0 cuProxyRpcCalls=0
[searcher/live] hint tx=0x0fe87eeccae62ffb86772d0ed7814920b0d74ffec886f02bf1bc6f6a40cde4c5 src=mev-share
[searcher/live] 0x0fe87eec log: addr=0xf78bf0da t0=0xb9c5ff08
[searcher/live] 0x0fe87eec Transfer: token=0xdac17f95 from=0xd8dc1ac1 to=0xfb8131c2
[searcher/live] 0x0fe87eec token-index hit, trying RPC fetch
[searcher/live] 0x0fe87eec skip: tx not available from RPC (private MEV-Share tx)
[searcher/live] 0x0fe87eec end-to-end 470ms
[searcher/live] counters hints=2 impacts=0 opportunities=0 plans=0 solverEntered=0 solverSuccess=0 revmSimSuccess=0 rpcVerifySuccess=0 simSuccess=0 submitAttempts=0 accepted=0 expiredBeforeSolver=0 quoteTimeouts=0 simReverts=0 finalVerifyFailed=0 finalVerifySkipped=0 missingState=0 revmErrors=0 pendingReceived=0 pendingFilteredReceived=0 mempoolOpportunitySeen=0 mempoolToSim=0 cuProxyRpcCalls=0
[searcher/live] hint tx=0xa920cdc5dcf19b504c1fad39dccbd7fd2d64dd15c715794ebfc35bd801a7953d src=mev-share
[searcher/live] 0xa920cdc5 log: addr=0xf78bf0da t0=0xb9c5ff08
[searcher/live] 0xa920cdc5 Transfer: token=0xdac17f95 from=0x1481e584 to=0x3c7201f6
[searcher/live] 0xa920cdc5 token-index hit, trying RPC fetch
[searcher/live] 0xa920cdc5 skip: tx not available from RPC (private MEV-Share tx)
[searcher/live] 0xa920cdc5 end-to-end 459ms
[searcher/live] counters hints=3 impacts=0 opportunities=0 plans=0 solverEntered=0 solverSuccess=0 revmSimSuccess=0 rpcVerifySuccess=0 simSuccess=0 submitAttempts=0 accepted=0 expiredBeforeSolver=0 quoteTimeouts=0 simReverts=0 finalVerifyFailed=0 finalVerifySkipped=0 missingState=0 revmErrors=0 pendingReceived=0 pendingFilteredReceived=0 mempoolOpportunitySeen=0 mempoolToSim=0 cuProxyRpcCalls=0
[searcher/live] hint tx=0x6e6fbab03f2c88b8e9c742b2708ecd4169d0f13f445a5bd11f4ac5a36b3f7d35 src=mev-share
[searcher/live] 0x6e6fbab0 log: addr=0x00000000 t0=0x40e9cecb
[searcher/live] 0x6e6fbab0 Transfer: token=0xae53d5bd from=0xc9104b66 to=0x00000000
[searcher/live] 0x6e6fbab0 log: addr=0xae53d5bd t0=0x8c5be1e5
[searcher/live] 0x6e6fbab0 Transfer: token=0xeeeeeeee from=0x00000000 to=0xc9104b66
[searcher/live] 0x6e6fbab0 skip: no matching graph pool
[searcher/live] 0x6e6fbab0 end-to-end 3ms
[searcher/live] counters hints=4 impacts=0 opportunities=0 plans=0 solverEntered=0 solverSuccess=0 revmSimSuccess=0 rpcVerifySuccess=0 simSuccess=0 submitAttempts=0 accepted=0 expiredBeforeSolver=0 quoteTimeouts=0 simReverts=0 finalVerifyFailed=0 finalVerifySkipped=0 missingState=0 revmErrors=0 pendingReceived=0 pendingFilteredReceived=0 mempoolOpportunitySeen=0 mempoolToSim=0 cuProxyRpcCalls=0
[searcher/live] hint tx=0x7cc88558e589efd324af2daa05f47e3b1a07c72705f1223ba9e9c6d91de242d0 src=mev-share
[searcher/live] 0x7cc88558 log: addr=0xf78bf0da t0=0xb9c5ff08
[searcher/live] 0x7cc88558 log: addr=0x00000000 t0=0x40e9cecb
[searcher/live] 0x7cc88558 Transfer: token=0xae53d5bd from=0xc9104b66 to=0x00000000
[searcher/live] 0x7cc88558 log: addr=0xae53d5bd t0=0x8c5be1e5
[searcher/live] 0x7cc88558 Transfer: token=0xeeeeeeee from=0x00000000 to=0xc9104b66
[searcher/live] 0x7cc88558 skip: no matching graph pool
[searcher/live] 0x7cc88558 end-to-end 3ms
[searcher/live] counters hints=5 impacts=0 opportunities=0 plans=0 solverEntered=0 solverSuccess=0 revmSimSuccess=0 rpcVerifySuccess=0 simSuccess=0 submitAttempts=0 accepted=0 expiredBeforeSolver=0 quoteTimeouts=0 simReverts=0 finalVerifyFailed=0 finalVerifySkipped=0 missingState=0 revmErrors=0 pendingReceived=0 pendingFilteredReceived=0 mempoolOpportunitySeen=0 mempoolToSim=0 cuProxyRpcCalls=0
[searcher/live] hint tx=0x71dbe01b665bbbc4ccceb36c49d144dbb0fdd1e6e51f0d459939bd26e93dfcca src=mev-share
[searcher/live] 0x71dbe01b Transfer: token=0xeeeeeeee from=0xf855af23 to=0x33774bdc
[searcher/live] 0x71dbe01b log: addr=0x00000000 t0=0x40e9cecb
[searcher/live] 0x71dbe01b Transfer: token=0xae53d5bd from=0xc9104b66 to=0x00000000
[searcher/live] 0x71dbe01b log: addr=0xae53d5bd t0=0x8c5be1e5
[searcher/live] 0x71dbe01b Transfer: token=0xeeeeeeee from=0x00000000 to=0xc9104b66
[searcher/live] 0x71dbe01b skip: no matching graph pool
[searcher/live] 0x71dbe01b end-to-end 2ms
[searcher/live] counters hints=6 impacts=0 opportunities=0 plans=0 solverEntered=0 solverSuccess=0 revmSimSuccess=0 rpcVerifySuccess=0 simSuccess=0 submitAttempts=0 accepted=0 expiredBeforeSolver=0 quoteTimeouts=0 simReverts=0 finalVerifyFailed=0 finalVerifySkipped=0 missingState=0 revmErrors=0 pendingReceived=0 pendingFilteredReceived=0 mempoolOpportunitySeen=0 mempoolToSim=0 cuProxyRpcCalls=0
[searcher/live] hint tx=0x1b1ce3a6208fde000735ee9f73cb31a0cad0bb1597d99ee66f5fa596203bdf84 src=mev-share
[searcher/live] 0x1b1ce3a6 log: addr=0xf78bf0da t0=0xb9c5ff08
[searcher/live] 0x1b1ce3a6 Transfer: token=0xa0b86991 from=0xaca2be07 to=0x74aa5387
[searcher/live] 0x1b1ce3a6 token-index hit, trying RPC fetch
[searcher/live] mempool WS connected filteredSub=0x48e83f0fa2b947228ea1019f0481d072
[searcher/live] 0x1b1ce3a6 skip: tx not available from RPC (private MEV-Share tx)
[searcher/live] 0x1b1ce3a6 end-to-end 468ms
[searcher/live] counters hints=9 impacts=0 opportunities=0 plans=0 solverEntered=0 solverSuccess=0 revmSimSuccess=0 rpcVerifySuccess=0 simSuccess=0 submitAttempts=0 accepted=0 expiredBeforeSolver=0 quoteTimeouts=0 simReverts=0 finalVerifyFailed=0 finalVerifySkipped=0 missingState=0 revmErrors=0 pendingReceived=0 pendingFilteredReceived=0 mempoolOpportunitySeen=0 mempoolToSim=0 cuProxyRpcCalls=0
[searcher/live] hint tx=0x81432e0c6eb490553816ceaab31534cdf79c7d852b989845dd528fb9571cdbf7 src=mev-share
[searcher/live] 0x81432e0c Transfer: token=0xc02aaa39 from=0x278d858f to=0x8867f20c
[searcher/live] 0x81432e0c Transfer: token=0x6c5ba916 from=0x8867f20c to=0x278d858f
[searcher/live] 0x81432e0c log: addr=0x8867f20c t0=0x1c411e9a
[searcher/live] 0x81432e0c log: addr=0x8867f20c t0=0xd78ad95f
[pool-impact] swap-only decoded: pool=0x8867f20c 0xC02aaA39→0x6c5bA916 amt=43017491500786828
[searcher/live] 0x81432e0c skip: hash-only hint (no rawTx); set SEARCHER_ENABLE_HASH_ONLY=1 to enable
[searcher/live] 0x81432e0c end-to-end 575ms
[searcher/live] counters hints=10 impacts=1 opportunities=0 plans=0 solverEntered=0 solverSuccess=0 revmSimSuccess=0 rpcVerifySuccess=0 simSuccess=0 submitAttempts=0 accepted=0 expiredBeforeSolver=0 quoteTimeouts=0 simReverts=0 finalVerifyFailed=0 finalVerifySkipped=0 missingState=0 revmErrors=0 pendingReceived=1 pendingFilteredReceived=1 mempoolOpportunitySeen=0 mempoolToSim=0 cuProxyRpcCalls=0
[searcher/live] hint tx=0x5bfee39b94b39ea94d9e8d933bc7666671ea7ecef0590c5d418ccad9398aa771 src=mempool
[searcher/live] state update block=25423652 reason=block recent=0/24 pinned=8/8 watched=8
[pool-updater] block=25423652 seeded v2=0 v3=3 watched=5/32 tickRefresh=1/3 303ms
[pool-updater] ticks block=25423652 seeded=1 830ms
[searcher/live] 0x5bfee39b no matching graph pool
[searcher/live] 0x5bfee39b end-to-end 10571ms
[searcher/live] counters hints=11 impacts=1 opportunities=0 plans=0 solverEntered=0 solverSuccess=0 revmSimSuccess=0 rpcVerifySuccess=0 simSuccess=0 submitAttempts=0 accepted=0 expiredBeforeSolver=0 quoteTimeouts=0 simReverts=0 finalVerifyFailed=0 finalVerifySkipped=0 missingState=0 revmErrors=0 pendingReceived=4 pendingFilteredReceived=4 mempoolOpportunitySeen=0 mempoolToSim=0 cuProxyRpcCalls=0
[searcher/live] hint tx=0xf96b1dd6f62df4f668f58953d68814abb8359c7cde6bca1644b13f5d4fd3a12e src=mev-share
[searcher/live] 0xf96b1dd6 Transfer: token=0xeeeeeeee from=0xf855af23 to=0x33774bdc
[searcher/live] 0xf96b1dd6 Transfer: token=0xc02aaa39 from=0x278d858f to=0x8867f20c
[searcher/live] 0xf96b1dd6 Transfer: token=0x6c5ba916 from=0x8867f20c to=0x278d858f
[searcher/live] 0xf96b1dd6 log: addr=0x8867f20c t0=0x1c411e9a
[searcher/live] 0xf96b1dd6 log: addr=0x8867f20c t0=0xd78ad95f
[pool-impact] swap-only decoded: pool=0x8867f20c 0xC02aaA39→0x6c5bA916 amt=43017491500786828
[searcher/live] 0xf96b1dd6 skip: hash-only hint (no rawTx); set SEARCHER_ENABLE_HASH_ONLY=1 to enable
[searcher/live] 0xf96b1dd6 end-to-end 2ms
[searcher/live] counters hints=12 impacts=2 opportunities=0 plans=0 solverEntered=0 solverSuccess=0 revmSimSuccess=0 rpcVerifySuccess=0 simSuccess=0 submitAttempts=0 accepted=0 expiredBeforeSolver=0 quoteTimeouts=0 simReverts=0 finalVerifyFailed=0 finalVerifySkipped=0 missingState=0 revmErrors=0 pendingReceived=4 pendingFilteredReceived=4 mempoolOpportunitySeen=0 mempoolToSim=0 cuProxyRpcCalls=0
[searcher/live] hint tx=0x845f4defb99f6bff6d737fc57bf1b8e0922e4168d32e8873caa2807c897d6b2e src=mempool
[searcher/live] 0x845f4def skip: victim apply failed: 0x845f4defb99f6bff6d737fc57bf1b8e0922e4168d32e8873caa2807c897d6b2e
[searcher/live] 0x845f4def end-to-end 2619ms
[searcher/live] counters hints=13 impacts=2 opportunities=0 plans=0 solverEntered=0 solverSuccess=0 revmSimSuccess=0 rpcVerifySuccess=0 simSuccess=0 submitAttempts=0 accepted=0 expiredBeforeSolver=0 quoteTimeouts=0 simReverts=0 finalVerifyFailed=0 finalVerifySkipped=0 missingState=0 revmErrors=0 pendingReceived=4 pendingFilteredReceived=4 mempoolOpportunitySeen=0 mempoolToSim=0 cuProxyRpcCalls=0
[searcher/live] hint tx=0x0dd11a2e44410ee2094f41929822ace33caef92d20196b9624cae4fa969ced38 src=mev-share
[searcher/live] 0x0dd11a2e log: addr=0xf78bf0da t0=0xb9c5ff08
[searcher/live] 0x0dd11a2e Transfer: token=0xc02aaa39 from=0x278d858f to=0x8867f20c
[searcher/live] 0x0dd11a2e Transfer: token=0x6c5ba916 from=0x8867f20c to=0x278d858f
[searcher/live] 0x0dd11a2e log: addr=0x8867f20c t0=0x1c411e9a
[searcher/live] 0x0dd11a2e log: addr=0x8867f20c t0=0xd78ad95f
[pool-impact] swap-only decoded: pool=0x8867f20c 0xC02aaA39→0x6c5bA916 amt=43017491500786828
[searcher/live] 0x0dd11a2e skip: hash-only hint (no rawTx); set SEARCHER_ENABLE_HASH_ONLY=1 to enable
[searcher/live] 0x0dd11a2e end-to-end 4ms
[searcher/live] counters hints=14 impacts=3 opportunities=0 plans=0 solverEntered=0 solverSuccess=0 revmSimSuccess=0 rpcVerifySuccess=0 simSuccess=0 submitAttempts=0 accepted=0 expiredBeforeSolver=0 quoteTimeouts=0 simReverts=0 finalVerifyFailed=0 finalVerifySkipped=0 missingState=0 revmErrors=0 pendingReceived=4 pendingFilteredReceived=4 mempoolOpportunitySeen=0 mempoolToSim=0 cuProxyRpcCalls=0
[searcher/live] hint tx=0x0acfb4cde424bda27b758acf7ec00b591f726a4aec6f1f63b7bcffc5be30aa6e src=mempool
[searcher/live] state update block=25423653 reason=block recent=0/24 pinned=8/8 watched=8
[pool-updater] block=25423653 seeded v2=0 v3=3 watched=5/32 tickRefresh=1/2 238ms
[pool-updater] ticks block=25423653 seeded=1 430ms
[searcher/live] 0x0acfb4cd no matching graph pool
[searcher/live] 0x0acfb4cd end-to-end 10791ms
[searcher/live] counters hints=15 impacts=3 opportunities=0 plans=0 solverEntered=0 solverSuccess=0 revmSimSuccess=0 rpcVerifySuccess=0 simSuccess=0 submitAttempts=0 accepted=0 expiredBeforeSolver=0 quoteTimeouts=0 simReverts=0 finalVerifyFailed=0 finalVerifySkipped=0 missingState=0 revmErrors=0 pendingReceived=4 pendingFilteredReceived=4 mempoolOpportunitySeen=0 mempoolToSim=0 cuProxyRpcCalls=0
[searcher/live] hint tx=0x4e4afad20d45265fa66029fcb8d01facef0678b663966bbbc1c299e7bb881699 src=mev-share
[searcher/live] 0x4e4afad2 log: addr=0xf78bf0da t0=0xb9c5ff08
[searcher/live] 0x4e4afad2 Transfer: token=0xdac17f95 from=0xaf0e7932 to=0xd7dda409
[searcher/live] 0x4e4afad2 token-index hit, trying RPC fetch
[searcher/live] 0x4e4afad2 skip: tx not available from RPC (private MEV-Share tx)
[searcher/live] 0x4e4afad2 end-to-end 457ms
[searcher/live] counters hints=16 impacts=3 opportunities=0 plans=0 solverEntered=0 solverSuccess=0 revmSimSuccess=0 rpcVerifySuccess=0 simSuccess=0 submitAttempts=0 accepted=0 expiredBeforeSolver=0 quoteTimeouts=0 simReverts=0 finalVerifyFailed=0 finalVerifySkipped=0 missingState=0 revmErrors=0 pendingReceived=4 pendingFilteredReceived=4 mempoolOpportunitySeen=0 mempoolToSim=0 cuProxyRpcCalls=0
[searcher/live] hint tx=0x114b71f91340371883f13a4fa67ccb95e2b45a2f93343d4f36f94e75f8a8aa21 src=mempool
[searcher/live] state update block=25423654 reason=block recent=0/24 pinned=8/8 watched=8
[pool-updater] block=25423654 seeded v2=0 v3=3 watched=5/32 tickRefresh=1/1 239ms
[pool-updater] ticks block=25423654 seeded=1 908ms
[searcher/live] 0x114b71f9 no matching graph pool
[searcher/live] 0x114b71f9 end-to-end 9464ms
[searcher/live] counters hints=17 impacts=3 opportunities=0 plans=0 solverEntered=0 solverSuccess=0 revmSimSuccess=0 rpcVerifySuccess=0 simSuccess=0 submitAttempts=0 accepted=0 expiredBeforeSolver=0 quoteTimeouts=0 simReverts=0 finalVerifyFailed=0 finalVerifySkipped=0 missingState=0 revmErrors=0 pendingReceived=4 pendingFilteredReceived=4 mempoolOpportunitySeen=0 mempoolToSim=0 cuProxyRpcCalls=0
[searcher/live] hint tx=0xfac86d97ccee381f6b0a803261570a8a2249280e1e0cacbbbeeda25faf1afb56 src=mev-share
[searcher/live] 0xfac86d97 log: addr=0xf78bf0da t0=0xb9c5ff08
[searcher/live] 0xfac86d97 Transfer: token=0xeeeeeeee from=0xa9ac43f5 to=0x33fb21ca
[searcher/live] 0xfac86d97 skip: no matching graph pool
[searcher/live] 0xfac86d97 end-to-end 4ms
[searcher/live] counters hints=18 impacts=3 opportunities=0 plans=0 solverEntered=0 solverSuccess=0 revmSimSuccess=0 rpcVerifySuccess=0 simSuccess=0 submitAttempts=0 accepted=0 expiredBeforeSolver=0 quoteTimeouts=0 simReverts=0 finalVerifyFailed=0 finalVerifySkipped=0 missingState=0 revmErrors=0 pendingReceived=4 pendingFilteredReceived=4 mempoolOpportunitySeen=0 mempoolToSim=0 cuProxyRpcCalls=0
[searcher/live] hint tx=0xcf40a1a63ca4bc4418ce09e69f6ebebb02d105dfd4314857d88aab1bfb364e49 src=mev-share
[searcher/live] 0xcf40a1a6 log: addr=0xf78bf0da t0=0xb9c5ff08
[searcher/live] 0xcf40a1a6 Transfer: token=0x51491077 from=0x774e1703 to=0x79dd9327
[searcher/live] 0xcf40a1a6 token-index hit, trying RPC fetch
[searcher/live] 0xcf40a1a6 skip: tx not available from RPC (private MEV-Share tx)
[searcher/live] 0xcf40a1a6 end-to-end 457ms
[searcher/live] counters hints=19 impacts=3 opportunities=0 plans=0 solverEntered=0 solverSuccess=0 revmSimSuccess=0 rpcVerifySuccess=0 simSuccess=0 submitAttempts=0 accepted=0 expiredBeforeSolver=0 quoteTimeouts=0 simReverts=0 finalVerifyFailed=0 finalVerifySkipped=0 missingState=0 revmErrors=0 pendingReceived=4 pendingFilteredReceived=4 mempoolOpportunitySeen=0 mempoolToSim=0 cuProxyRpcCalls=0
[searcher/live] hint tx=0xaf2ff37146d600540bd621427837d7bab1ddee5348cc8fad68d7c21ce71a443b src=mev-share
[searcher/live] 0xaf2ff371 log: addr=0xf78bf0da t0=0xb9c5ff08
[searcher/live] 0xaf2ff371 Transfer: token=0xdac17f95 from=0xe05ceab6 to=0x03f760b6
[searcher/live] 0xaf2ff371 token-index hit, trying RPC fetch
[searcher/live] 0xaf2ff371 skip: tx not available from RPC (private MEV-Share tx)
[searcher/live] 0xaf2ff371 end-to-end 455ms
[searcher/live] counters hints=20 impacts=3 opportunities=0 plans=0 solverEntered=0 solverSuccess=0 revmSimSuccess=0 rpcVerifySuccess=0 simSuccess=0 submitAttempts=0 accepted=0 expiredBeforeSolver=0 quoteTimeouts=0 simReverts=0 finalVerifyFailed=0 finalVerifySkipped=0 missingState=0 revmErrors=0 pendingReceived=4 pendingFilteredReceived=4 mempoolOpportunitySeen=0 mempoolToSim=0 cuProxyRpcCalls=0
[searcher/live] hint tx=0xc6491c65cffd573807b7aec299204d482f9875ac9364f117955b66c6e16cea45 src=mev-share
[searcher/live] 0xc6491c65 log: addr=0x00000000 t0=0xc6a377bf
[searcher/live] 0xc6491c65 log: addr=0x00000000 t0=0x40e9cecb
[searcher/live] 0xc6491c65 Transfer: token=0xc8fb80fc from=0xd91ba95e to=0x00000000
[searcher/live] 0xc6491c65 Transfer: token=0xeeeeeeee from=0x00000000 to=0xd91ba95e
[searcher/live] 0xc6491c65 skip: no matching graph pool
[searcher/live] 0xc6491c65 end-to-end 4ms
[searcher/live] counters hints=21 impacts=3 opportunities=0 plans=0 solverEntered=0 solverSuccess=0 revmSimSuccess=0 rpcVerifySuccess=0 simSuccess=0 submitAttempts=0 accepted=0 expiredBeforeSolver=0 quoteTimeouts=0 simReverts=0 finalVerifyFailed=0 finalVerifySkipped=0 missingState=0 revmErrors=0 pendingReceived=4 pendingFilteredReceived=4 mempoolOpportunitySeen=0 mempoolToSim=0 cuProxyRpcCalls=0
[searcher/live] hint tx=0x3e95d03158d0029200d0bf61ec2f92eff7267e359dd09a4459a80e8a313c1590 src=mev-share
[searcher/live] 0x3e95d031 Transfer: token=0xeeeeeeee from=0xa9ac43f5 to=0x33fb21ca
[searcher/live] 0x3e95d031 log: addr=0x00000000 t0=0xc6a377bf
[searcher/live] 0x3e95d031 log: addr=0x00000000 t0=0x40e9cecb
[searcher/live] 0x3e95d031 Transfer: token=0xc8fb80fc from=0xd91ba95e to=0x00000000
[searcher/live] 0x3e95d031 Transfer: token=0xeeeeeeee from=0x00000000 to=0xd91ba95e
[searcher/live] 0x3e95d031 skip: no matching graph pool
[searcher/live] 0x3e95d031 end-to-end 2ms
[searcher/live] counters hints=22 impacts=3 opportunities=0 plans=0 solverEntered=0 solverSuccess=0 revmSimSuccess=0 rpcVerifySuccess=0 simSuccess=0 submitAttempts=0 accepted=0 expiredBeforeSolver=0 quoteTimeouts=0 simReverts=0 finalVerifyFailed=0 finalVerifySkipped=0 missingState=0 revmErrors=0 pendingReceived=4 pendingFilteredReceived=4 mempoolOpportunitySeen=0 mempoolToSim=0 cuProxyRpcCalls=0
[searcher/live] hint tx=0x78d76b6c8f6d3f38353886d22c367ac3f956000b633c42755b2180006ef316c5 src=mev-share
[searcher/live] 0x78d76b6c log: addr=0xf78bf0da t0=0xb9c5ff08
[searcher/live] 0x78d76b6c log: addr=0x00000000 t0=0xc6a377bf
[searcher/live] 0x78d76b6c log: addr=0x00000000 t0=0x40e9cecb
[searcher/live] 0x78d76b6c Transfer: token=0xc8fb80fc from=0xd91ba95e to=0x00000000
[searcher/live] 0x78d76b6c Transfer: token=0xeeeeeeee from=0x00000000 to=0xd91ba95e
[searcher/live] 0x78d76b6c skip: no matching graph pool
[searcher/live] 0x78d76b6c end-to-end 1ms
[searcher/live] counters hints=23 impacts=3 opportunities=0 plans=0 solverEntered=0 solverSuccess=0 revmSimSuccess=0 rpcVerifySuccess=0 simSuccess=0 submitAttempts=0 accepted=0 expiredBeforeSolver=0 quoteTimeouts=0 simReverts=0 finalVerifyFailed=0 finalVerifySkipped=0 missingState=0 revmErrors=0 pendingReceived=4 pendingFilteredReceived=4 mempoolOpportunitySeen=0 mempoolToSim=0 cuProxyRpcCalls=0
[searcher/live] hint tx=0xb8e85357668e206e710bdcc4f3586581305c9911dac4861260840b9412cf3a2e src=mev-share
[searcher/live] 0xb8e85357 log: addr=0xf78bf0da t0=0xb9c5ff08
[searcher/live] 0xb8e85357 Transfer: token=0xeeeeeeee from=0x9410b430 to=0xb41708b8
[searcher/live] 0xb8e85357 skip: no matching graph pool
[searcher/live] 0xb8e85357 end-to-end 1ms
[searcher/live] counters hints=24 impacts=3 opportunities=0 plans=0 solverEntered=0 solverSuccess=0 revmSimSuccess=0 rpcVerifySuccess=0 simSuccess=0 submitAttempts=0 accepted=0 expiredBeforeSolver=0 quoteTimeouts=0 simReverts=0 finalVerifyFailed=0 finalVerifySkipped=0 missingState=0 revmErrors=0 pendingReceived=4 pendingFilteredReceived=4 mempoolOpportunitySeen=0 mempoolToSim=0 cuProxyRpcCalls=0
[searcher/live] hint tx=0xcbc891d9dd6eb9a994b2e45877e5fbcfd5d3e6d6ebd85d4e7460c14c685a52ed src=mev-share
[searcher/live] 0xcbc891d9 log: addr=0xf78bf0da t0=0xb9c5ff08
[searcher/live] 0xcbc891d9 Transfer: token=0xeeeeeeee from=0x18dd3c14 to=0x2ffed8a1
[searcher/live] 0xcbc891d9 skip: no matching graph pool
[searcher/live] 0xcbc891d9 end-to-end 1ms
[searcher/live] counters hints=25 impacts=3 opportunities=0 plans=0 solverEntered=0 solverSuccess=0 revmSimSuccess=0 rpcVerifySuccess=0 simSuccess=0 submitAttempts=0 accepted=0 expiredBeforeSolver=0 quoteTimeouts=0 simReverts=0 finalVerifyFailed=0 finalVerifySkipped=0 missingState=0 revmErrors=0 pendingReceived=4 pendingFilteredReceived=4 mempoolOpportunitySeen=0 mempoolToSim=0 cuProxyRpcCalls=0
[searcher/live] hint tx=0x5974a87c747a65ddf3c81a3adf7da8f778471bfa6670b24a5f67808edca362f6 src=mev-share
[searcher/live] 0x5974a87c Transfer: token=0xeeeeeeee from=0xa9ac43f5 to=0x33fb21ca
[searcher/live] 0x5974a87c Transfer: token=0xa0b86991 from=0x41a561b9 to=0x278d858f
[searcher/live] 0x5974a87c Transfer: token=0x8b1484d5 from=0x278d858f to=0x41a561b9
[searcher/live] 0x5974a87c log: addr=0x41a561b9 t0=0xc42079f9
[searcher/live] 0x5974a87c skip: hash-only hint (no rawTx); set SEARCHER_ENABLE_HASH_ONLY=1 to enable
[searcher/live] 0x5974a87c end-to-end 1ms
[searcher/live] counters hints=26 impacts=4 opportunities=0 plans=0 solverEntered=0 solverSuccess=0 revmSimSuccess=0 rpcVerifySuccess=0 simSuccess=0 submitAttempts=0 accepted=0 expiredBeforeSolver=0 quoteTimeouts=0 simReverts=0 finalVerifyFailed=0 finalVerifySkipped=0 missingState=0 revmErrors=0 pendingReceived=4 pendingFilteredReceived=4 mempoolOpportunitySeen=0 mempoolToSim=0 cuProxyRpcCalls=0
[searcher/live] hint tx=0x37643b99f92ee56f1b961575953c82b8b3280ff8205832db35866e97510f4747 src=mev-share
[searcher/live] 0x37643b99 log: addr=0xf78bf0da t0=0xb9c5ff08
[searcher/live] 0x37643b99 Transfer: token=0xdac17f95 from=0xb56524db to=0x3f69532b
[searcher/live] 0x37643b99 token-index hit, trying RPC fetch
[searcher/live] state update block=25423655 reason=block recent=0/24 pinned=8/8 watched=8
[searcher/live] 0x37643b99 skip: tx not available from RPC (private MEV-Share tx)
[searcher/live] 0x37643b99 end-to-end 466ms
[searcher/live] counters hints=28 impacts=4 opportunities=0 plans=0 solverEntered=0 solverSuccess=0 revmSimSuccess=0 rpcVerifySuccess=0 simSuccess=0 submitAttempts=0 accepted=0 expiredBeforeSolver=0 quoteTimeouts=0 simReverts=0 finalVerifyFailed=0 finalVerifySkipped=0 missingState=0 revmErrors=0 pendingReceived=4 pendingFilteredReceived=4 mempoolOpportunitySeen=0 mempoolToSim=0 cuProxyRpcCalls=0
[searcher/live] hint tx=0xe439af9e6b471cf37814952f0f495f7e4129494be76379e4ed228d5766e5d528 src=mev-share
[searcher/live] 0xe439af9e log: addr=0xf78bf0da t0=0xb9c5ff08
[searcher/live] 0xe439af9e Transfer: token=0xa0b86991 from=0x06b5c2be to=0xecb9bea1
[searcher/live] 0xe439af9e token-index hit, trying RPC fetch
[pool-updater] block=25423655 seeded v2=0 v3=3 watched=5/32 tickRefresh=0/0 233ms
[searcher/live] 0xe439af9e skip: tx not available from RPC (private MEV-Share tx)
[searcher/live] 0xe439af9e end-to-end 752ms
[searcher/live] counters hints=29 impacts=4 opportunities=0 plans=0 solverEntered=0 solverSuccess=0 revmSimSuccess=0 rpcVerifySuccess=0 simSuccess=0 submitAttempts=0 accepted=0 expiredBeforeSolver=0 quoteTimeouts=0 simReverts=0 finalVerifyFailed=0 finalVerifySkipped=0 missingState=0 revmErrors=0 pendingReceived=4 pendingFilteredReceived=4 mempoolOpportunitySeen=0 mempoolToSim=0 cuProxyRpcCalls=0
[searcher/live] hint tx=0xff8b450f1c4792edb373535b2c5d1de000f01ee00021575b7b532e990a72d0a3 src=mev-share
[searcher/live] 0xff8b450f log: addr=0xf78bf0da t0=0xb9c5ff08
[searcher/live] 0xff8b450f Transfer: token=0xdac17f95 from=0x8621678a to=0xda0e38d4
[searcher/live] 0xff8b450f token-index hit, trying RPC fetch
[searcher/live] 0xff8b450f skip: tx not available from RPC (private MEV-Share tx)
[searcher/live] 0xff8b450f end-to-end 503ms
[searcher/live] counters hints=30 impacts=4 opportunities=0 plans=0 solverEntered=0 solverSuccess=0 revmSimSuccess=0 rpcVerifySuccess=0 simSuccess=0 submitAttempts=0 accepted=0 expiredBeforeSolver=0 quoteTimeouts=0 simReverts=0 finalVerifyFailed=0 finalVerifySkipped=0 missingState=0 revmErrors=0 pendingReceived=4 pendingFilteredReceived=4 mempoolOpportunitySeen=0 mempoolToSim=0 cuProxyRpcCalls=0
[searcher/live] hint tx=0x12987cb94b4cd5269af0307941827ba0cc4fb66c8ae8e178bf178933c48f1396 src=mev-share
[searcher/live] 0x12987cb9 log: addr=0xf78bf0da t0=0xb9c5ff08
[searcher/live] 0x12987cb9 Transfer: token=0xeeeeeeee from=0xb9391e43 to=0x832f7f75
[searcher/live] 0x12987cb9 skip: no matching graph pool
[searcher/live] 0x12987cb9 end-to-end 2ms
[searcher/live] counters hints=31 impacts=4 opportunities=0 plans=0 solverEntered=0 solverSuccess=0 revmSimSuccess=0 rpcVerifySuccess=0 simSuccess=0 submitAttempts=0 accepted=0 expiredBeforeSolver=0 quoteTimeouts=0 simReverts=0 finalVerifyFailed=0 finalVerifySkipped=0 missingState=0 revmErrors=0 pendingReceived=4 pendingFilteredReceived=4 mempoolOpportunitySeen=0 mempoolToSim=0 cuProxyRpcCalls=0
[searcher/live] hint tx=0x22c71a68ef8c63d2ef65f530e7201c47e01db6a957637d3d3722a28806a5de58 src=mev-share
[searcher/live] 0x22c71a68 log: addr=0xf78bf0da t0=0xb9c5ff08
[searcher/live] 0x22c71a68 Transfer: token=0x320623b8 from=0x00000000 to=0x282bea52
[searcher/live] 0x22c71a68 Transfer: token=0x320623b8 from=0x282bea52 to=0x6dec0093
[searcher/live] 0x22c71a68 log: addr=0x320623b8 t0=0x8c5be1e5
[searcher/live] 0x22c71a68 skip: no matching graph pool
[searcher/live] 0x22c71a68 end-to-end 2ms
[searcher/live] counters hints=32 impacts=4 opportunities=0 plans=0 solverEntered=0 solverSuccess=0 revmSimSuccess=0 rpcVerifySuccess=0 simSuccess=0 submitAttempts=0 accepted=0 expiredBeforeSolver=0 quoteTimeouts=0 simReverts=0 finalVerifyFailed=0 finalVerifySkipped=0 missingState=0 revmErrors=0 pendingReceived=4 pendingFilteredReceived=4 mempoolOpportunitySeen=0 mempoolToSim=0 cuProxyRpcCalls=0
[searcher/live] hint tx=0xe87d03cdd400af6e631a99334933ef0975536e19edb1eb90e49eb717142aa7a6 src=mev-share
[searcher/live] 0xe87d03cd log: addr=0xf78bf0da t0=0xb9c5ff08
[searcher/live] 0xe87d03cd Transfer: token=0xa0b86991 from=0x41a561b9 to=0x278d858f
[searcher/live] 0xe87d03cd Transfer: token=0x8b1484d5 from=0x278d858f to=0x41a561b9
[searcher/live] 0xe87d03cd log: addr=0x41a561b9 t0=0xc42079f9
[searcher/live] 0xe87d03cd skip: hash-only hint (no rawTx); set SEARCHER_ENABLE_HASH_ONLY=1 to enable
[searcher/live] 0xe87d03cd end-to-end 4ms
[searcher/live] counters hints=33 impacts=5 opportunities=0 plans=0 solverEntered=0 solverSuccess=0 revmSimSuccess=0 rpcVerifySuccess=0 simSuccess=0 submitAttempts=0 accepted=0 expiredBeforeSolver=0 quoteTimeouts=0 simReverts=0 finalVerifyFailed=0 finalVerifySkipped=0 missingState=0 revmErrors=0 pendingReceived=4 pendingFilteredReceived=4 mempoolOpportunitySeen=0 mempoolToSim=0 cuProxyRpcCalls=0
[searcher/live] hint tx=0xb90af462eaa4aafd140ee7d1ddf4c3607bab7893c1c5c6fdbfe4d40a545ca6ad src=mev-share
[searcher/live] 0xb90af462 log: addr=0xf78bf0da t0=0xb9c5ff08
[searcher/live] 0xb90af462 Transfer: token=0xdac17f95 from=0x8f8d1206 to=0x2c673460
[searcher/live] 0xb90af462 token-index hit, trying RPC fetch
[searcher/live] 0xb90af462 skip: tx not available from RPC (private MEV-Share tx)
[searcher/live] 0xb90af462 end-to-end 480ms
[searcher/live] counters hints=34 impacts=5 opportunities=0 plans=0 solverEntered=0 solverSuccess=0 revmSimSuccess=0 rpcVerifySuccess=0 simSuccess=0 submitAttempts=0 accepted=0 expiredBeforeSolver=0 quoteTimeouts=0 simReverts=0 finalVerifyFailed=0 finalVerifySkipped=0 missingState=0 revmErrors=0 pendingReceived=4 pendingFilteredReceived=4 mempoolOpportunitySeen=0 mempoolToSim=0 cuProxyRpcCalls=0
[searcher/live] hint tx=0xf2844e4a859428f78a1592828cdda0ac56c0a1ceeca5ad6f3347d0de29ec6d69 src=mev-share
[searcher/live] 0xf2844e4a Transfer: token=0xeeeeeeee from=0xa9ac43f5 to=0x33fb21ca
[searcher/live] 0xf2844e4a Transfer: token=0xc02aaa39 from=0x278d858f to=0x8867f20c
[searcher/live] 0xf2844e4a Transfer: token=0x6c5ba916 from=0x8867f20c to=0x278d858f
[searcher/live] 0xf2844e4a log: addr=0x8867f20c t0=0x1c411e9a
[searcher/live] 0xf2844e4a log: addr=0x8867f20c t0=0xd78ad95f
[pool-impact] swap-only decoded: pool=0x8867f20c 0xC02aaA39→0x6c5bA916 amt=43017491500786828
[searcher/live] 0xf2844e4a skip: hash-only hint (no rawTx); set SEARCHER_ENABLE_HASH_ONLY=1 to enable
[searcher/live] 0xf2844e4a end-to-end 4ms
[searcher/live] counters hints=36 impacts=6 opportunities=0 plans=0 solverEntered=0 solverSuccess=0 revmSimSuccess=0 rpcVerifySuccess=0 simSuccess=0 submitAttempts=0 accepted=0 expiredBeforeSolver=0 quoteTimeouts=0 simReverts=0 finalVerifyFailed=0 finalVerifySkipped=0 missingState=0 revmErrors=0 pendingReceived=4 pendingFilteredReceived=4 mempoolOpportunitySeen=0 mempoolToSim=0 cuProxyRpcCalls=0
[searcher/live] hint tx=0x76d49059a274387d9e93ba2a2bb996c8458cb68c5b98143329e405ab46f47fc9 src=mev-share
[searcher/live] 0x76d49059 log: addr=0xf78bf0da t0=0xb9c5ff08
[searcher/live] 0x76d49059 Transfer: token=0xdac17f95 from=0xd206e2fe to=0x42f66acc
[searcher/live] 0x76d49059 token-index hit, trying RPC fetch
[searcher/live] 0x76d49059 skip: tx not available from RPC (private MEV-Share tx)
[searcher/live] 0x76d49059 end-to-end 471ms
[searcher/live] counters hints=38 impacts=6 opportunities=0 plans=0 solverEntered=0 solverSuccess=0 revmSimSuccess=0 rpcVerifySuccess=0 simSuccess=0 submitAttempts=0 accepted=0 expiredBeforeSolver=0 quoteTimeouts=0 simReverts=0 finalVerifyFailed=0 finalVerifySkipped=0 missingState=0 revmErrors=0 pendingReceived=4 pendingFilteredReceived=4 mempoolOpportunitySeen=0 mempoolToSim=0 cuProxyRpcCalls=0
[searcher/live] hint tx=0xac0a868d40358b5ddace54693d31b6f12f13027d6518c50fdeb0d16746a08e5e src=mev-share
[searcher/live] 0xac0a868d log: addr=0xf78bf0da t0=0xb9c5ff08
[searcher/live] 0xac0a868d Transfer: token=0xdac17f95 from=0xb334a61a to=0xf7bf2168
[searcher/live] 0xac0a868d token-index hit, trying RPC fetch
[searcher/live] 0xac0a868d skip: tx not available from RPC (private MEV-Share tx)
[searcher/live] 0xac0a868d end-to-end 501ms
[searcher/live] counters hints=39 impacts=6 opportunities=0 plans=0 solverEntered=0 solverSuccess=0 revmSimSuccess=0 rpcVerifySuccess=0 simSuccess=0 submitAttempts=0 accepted=0 expiredBeforeSolver=0 quoteTimeouts=0 simReverts=0 finalVerifyFailed=0 finalVerifySkipped=0 missingState=0 revmErrors=0 pendingReceived=4 pendingFilteredReceived=4 mempoolOpportunitySeen=0 mempoolToSim=0 cuProxyRpcCalls=0
[searcher/live] hint tx=0x35a4a061df5535a09b1263e7c55b948e713068036673cc345fce00310ab417ef src=mev-share
[searcher/live] 0x35a4a061 Transfer: token=0xeeeeeeee from=0xa9ac43f5 to=0x33fb21ca
[searcher/live] 0x35a4a061 log: addr=0x00000000 t0=0x40e9cecb
[searcher/live] 0x35a4a061 Transfer: token=0xae53d5bd from=0xc9104b66 to=0x00000000
[searcher/live] 0x35a4a061 log: addr=0xae53d5bd t0=0x8c5be1e5
[searcher/live] 0x35a4a061 Transfer: token=0xeeeeeeee from=0x00000000 to=0xc9104b66
[searcher/live] 0x35a4a061 skip: no matching graph pool
[searcher/live] 0x35a4a061 end-to-end 4ms
[searcher/live] counters hints=40 impacts=6 opportunities=0 plans=0 solverEntered=0 solverSuccess=0 revmSimSuccess=0 rpcVerifySuccess=0 simSuccess=0 submitAttempts=0 accepted=0 expiredBeforeSolver=0 quoteTimeouts=0 simReverts=0 finalVerifyFailed=0 finalVerifySkipped=0 missingState=0 revmErrors=0 pendingReceived=4 pendingFilteredReceived=4 mempoolOpportunitySeen=0 mempoolToSim=0 cuProxyRpcCalls=0
[searcher/live] hint tx=0xd2821df9edbfb5e0b2b828766ef7c1f7bf11dd8c4ec0678844eb39ca6b7ff33f src=mev-share
[searcher/live] 0xd2821df9 Transfer: token=0xc02aaa39 from=0x854d6051 to=0x278d858f
[searcher/live] 0xd2821df9 Transfer: token=0x8b1484d5 from=0x278d858f to=0x854d6051
[searcher/live] 0xd2821df9 log: addr=0x854d6051 t0=0xc42079f9
[pool-impact] swap-only decoded: pool=0x854d6051 0x8B1484d5→0xC02aaA39 amt=10967244097200700000
[searcher/live] 0xd2821df9 skip: hash-only hint (no rawTx); set SEARCHER_ENABLE_HASH_ONLY=1 to enable
[searcher/live] 0xd2821df9 end-to-end 255ms
[searcher/live] counters hints=41 impacts=7 opportunities=0 plans=0 solverEntered=0 solverSuccess=0 revmSimSuccess=0 rpcVerifySuccess=0 simSuccess=0 submitAttempts=0 accepted=0 expiredBeforeSolver=0 quoteTimeouts=0 simReverts=0 finalVerifyFailed=0 finalVerifySkipped=0 missingState=0 revmErrors=0 pendingReceived=4 pendingFilteredReceived=4 mempoolOpportunitySeen=0 mempoolToSim=0 cuProxyRpcCalls=0
[searcher/live] hint tx=0xf0d99157122be0e52088519902ede24c50e44863f2a3f45ff96f2979e3d829a8 src=mev-share
[searcher/live] 0xf0d99157 Transfer: token=0xeeeeeeee from=0xa9ac43f5 to=0x33fb21ca
[searcher/live] 0xf0d99157 Transfer: token=0xc02aaa39 from=0x854d6051 to=0x278d858f
[searcher/live] 0xf0d99157 Transfer: token=0x8b1484d5 from=0x278d858f to=0x854d6051
[searcher/live] 0xf0d99157 log: addr=0x854d6051 t0=0xc42079f9
[pool-impact] swap-only decoded: pool=0x854d6051 0x8B1484d5→0xC02aaA39 amt=10967244097200700000
[searcher/live] 0xf0d99157 skip: hash-only hint (no rawTx); set SEARCHER_ENABLE_HASH_ONLY=1 to enable
[searcher/live] 0xf0d99157 end-to-end 2ms
[searcher/live] counters hints=42 impacts=8 opportunities=0 plans=0 solverEntered=0 solverSuccess=0 revmSimSuccess=0 rpcVerifySuccess=0 simSuccess=0 submitAttempts=0 accepted=0 expiredBeforeSolver=0 quoteTimeouts=0 simReverts=0 finalVerifyFailed=0 finalVerifySkipped=0 missingState=0 revmErrors=0 pendingReceived=4 pendingFilteredReceived=4 mempoolOpportunitySeen=0 mempoolToSim=0 cuProxyRpcCalls=0
[searcher/live] hint tx=0x210cc4eccb7a800706df9ae1773c8e903c59feb7c3ab9575eeeaa4ebb429a898 src=mev-share
[searcher/live] 0x210cc4ec hint has 24 logs (batch)
[searcher/live] 0x210cc4ec skip: hash-only hint (no rawTx); set SEARCHER_ENABLE_HASH_ONLY=1 to enable
[searcher/live] 0x210cc4ec end-to-end 1ms
[searcher/live] counters hints=43 impacts=9 opportunities=0 plans=0 solverEntered=0 solverSuccess=0 revmSimSuccess=0 rpcVerifySuccess=0 simSuccess=0 submitAttempts=0 accepted=0 expiredBeforeSolver=0 quoteTimeouts=0 simReverts=0 finalVerifyFailed=0 finalVerifySkipped=0 missingState=0 revmErrors=0 pendingReceived=4 pendingFilteredReceived=4 mempoolOpportunitySeen=0 mempoolToSim=0 cuProxyRpcCalls=0
[searcher/live] hint tx=0xc2fc8ce4cc594e4e5ace5e081c32ec85da7a4a54ef96f01e1e5faaa2c30f4fde src=mev-share
[searcher/live] 0xc2fc8ce4 hint has 25 logs (batch)
[searcher/live] 0xc2fc8ce4 skip: hash-only hint (no rawTx); set SEARCHER_ENABLE_HASH_ONLY=1 to enable
[searcher/live] 0xc2fc8ce4 end-to-end 2ms
[searcher/live] counters hints=46 impacts=10 opportunities=0 plans=0 solverEntered=0 solverSuccess=0 revmSimSuccess=0 rpcVerifySuccess=0 simSuccess=0 submitAttempts=0 accepted=0 expiredBeforeSolver=0 quoteTimeouts=0 simReverts=0 finalVerifyFailed=0 finalVerifySkipped=0 missingState=0 revmErrors=0 pendingReceived=4 pendingFilteredReceived=4 mempoolOpportunitySeen=0 mempoolToSim=0 cuProxyRpcCalls=0
[searcher/live] hint tx=0xeb3cfd843e0efbdd36b776cde0366b675c52fa65d16b8a4e61f92aabeaec8abe src=mev-share
[searcher/live] 0xeb3cfd84 log: addr=0xf78bf0da t0=0xb9c5ff08
[searcher/live] 0xeb3cfd84 Transfer: token=0xeeeeeeee from=0x995e8e2f to=0xcdd37ada
[searcher/live] 0xeb3cfd84 skip: no matching graph pool
[searcher/live] 0xeb3cfd84 end-to-end 2ms
[searcher/live] counters hints=47 impacts=10 opportunities=0 plans=0 solverEntered=0 solverSuccess=0 revmSimSuccess=0 rpcVerifySuccess=0 simSuccess=0 submitAttempts=0 accepted=0 expiredBeforeSolver=0 quoteTimeouts=0 simReverts=0 finalVerifyFailed=0 finalVerifySkipped=0 missingState=0 revmErrors=0 pendingReceived=4 pendingFilteredReceived=4 mempoolOpportunitySeen=0 mempoolToSim=0 cuProxyRpcCalls=0
[searcher/live] hint tx=0xf127855fc1037f06e83bde608740e1c78469933aa3d6fd6a7416ea95d007c3c7 src=mev-share
[searcher/live] 0xf127855f hint has 33 logs (batch)
[searcher/live] 0xf127855f skip: no matching graph pool
[searcher/live] 0xf127855f end-to-end 3ms
[searcher/live] counters hints=52 impacts=10 opportunities=0 plans=0 solverEntered=0 solverSuccess=0 revmSimSuccess=0 rpcVerifySuccess=0 simSuccess=0 submitAttempts=0 accepted=0 expiredBeforeSolver=0 quoteTimeouts=0 simReverts=0 finalVerifyFailed=0 finalVerifySkipped=0 missingState=0 revmErrors=0 pendingReceived=4 pendingFilteredReceived=4 mempoolOpportunitySeen=0 mempoolToSim=0 cuProxyRpcCalls=0
[searcher/live] hint tx=0x76df006413053d585f253efeec358ff3d5c309a77c5f4a3c6c888afa38b1ad42 src=mev-share
[searcher/live] 0x76df0064 skip: no matching graph pool
[searcher/live] 0x76df0064 end-to-end 3ms
[searcher/live] counters hints=57 impacts=10 opportunities=0 plans=0 solverEntered=0 solverSuccess=0 revmSimSuccess=0 rpcVerifySuccess=0 simSuccess=0 submitAttempts=0 accepted=0 expiredBeforeSolver=0 quoteTimeouts=0 simReverts=0 finalVerifyFailed=0 finalVerifySkipped=0 missingState=0 revmErrors=0 pendingReceived=4 pendingFilteredReceived=4 mempoolOpportunitySeen=0 mempoolToSim=0 cuProxyRpcCalls=0
[searcher/live] hint tx=0x1f0a6f6dc40ae0b85cceab3ad1d0f954789722867c7fb9a87926334219f05a81 src=mev-share
[searcher/live] 0x1f0a6f6d skip: no matching graph pool
[searcher/live] 0x1f0a6f6d end-to-end 2ms
[searcher/live] counters hints=58 impacts=10 opportunities=0 plans=0 solverEntered=0 solverSuccess=0 revmSimSuccess=0 rpcVerifySuccess=0 simSuccess=0 submitAttempts=0 accepted=0 expiredBeforeSolver=0 quoteTimeouts=0 simReverts=0 finalVerifyFailed=0 finalVerifySkipped=0 missingState=0 revmErrors=0 pendingReceived=4 pendingFilteredReceived=4 mempoolOpportunitySeen=0 mempoolToSim=0 cuProxyRpcCalls=0
[searcher/live] hint tx=0x9a95285d9264127828132dc8e4d02308f06f27c9506c19f3c3ee9e7fd4c4465f src=mev-share
[searcher/live] 0x9a95285d skip: no matching graph pool
[searcher/live] 0x9a95285d end-to-end 1ms
[searcher/live] counters hints=59 impacts=10 opportunities=0 plans=0 solverEntered=0 solverSuccess=0 revmSimSuccess=0 rpcVerifySuccess=0 simSuccess=0 submitAttempts=0 accepted=0 expiredBeforeSolver=0 quoteTimeouts=0 simReverts=0 finalVerifyFailed=0 finalVerifySkipped=0 missingState=0 revmErrors=0 pendingReceived=4 pendingFilteredReceived=4 mempoolOpportunitySeen=0 mempoolToSim=0 cuProxyRpcCalls=0
[searcher/live] hint tx=0xcad21aaa943e3eaec49aabc87e43d1a2b99d4fe600e8182c88dbfae94ce6d7eb src=mev-share
[searcher/live] 0xcad21aaa skip: no matching graph pool
[searcher/live] 0xcad21aaa end-to-end 1ms
[searcher/live] counters hints=60 impacts=10 opportunities=0 plans=0 solverEntered=0 solverSuccess=0 revmSimSuccess=0 rpcVerifySuccess=0 simSuccess=0 submitAttempts=0 accepted=0 expiredBeforeSolver=0 quoteTimeouts=0 simReverts=0 finalVerifyFailed=0 finalVerifySkipped=0 missingState=0 revmErrors=0 pendingReceived=4 pendingFilteredReceived=4 mempoolOpportunitySeen=0 mempoolToSim=0 cuProxyRpcCalls=0
[searcher/live] hint tx=0xfa791d29b7e0d31009b04c89665ea62f87ae99b8f6c87b6cb8669bf1c120baa9 src=mev-share
[searcher/live] 0xfa791d29 skip: no matching graph pool
[searcher/live] 0xfa791d29 end-to-end 1ms
[searcher/live] counters hints=61 impacts=10 opportunities=0 plans=0 solverEntered=0 solverSuccess=0 revmSimSuccess=0 rpcVerifySuccess=0 simSuccess=0 submitAttempts=0 accepted=0 expiredBeforeSolver=0 quoteTimeouts=0 simReverts=0 finalVerifyFailed=0 finalVerifySkipped=0 missingState=0 revmErrors=0 pendingReceived=4 pendingFilteredReceived=4 mempoolOpportunitySeen=0 mempoolToSim=0 cuProxyRpcCalls=0
[searcher/live] hint tx=0x72628cdf05499657bd5ff917c53efe6f02e35b980d37e533f56b095c876ac501 src=mev-share
[searcher/live] 0x72628cdf skip: no matching graph pool
[searcher/live] 0x72628cdf end-to-end 1ms
[searcher/live] counters hints=62 impacts=10 opportunities=0 plans=0 solverEntered=0 solverSuccess=0 revmSimSuccess=0 rpcVerifySuccess=0 simSuccess=0 submitAttempts=0 accepted=0 expiredBeforeSolver=0 quoteTimeouts=0 simReverts=0 finalVerifyFailed=0 finalVerifySkipped=0 missingState=0 revmErrors=0 pendingReceived=4 pendingFilteredReceived=4 mempoolOpportunitySeen=0 mempoolToSim=0 cuProxyRpcCalls=0
[searcher/live] hint tx=0xdb80f5629b37702d32b51dc0207fd7a359b0ca0398b079004f3eaf02de3e8385 src=mev-share
[searcher/live] 0xdb80f562 skip: no matching graph pool
[searcher/live] 0xdb80f562 end-to-end 1ms
[searcher/live] counters hints=63 impacts=10 opportunities=0 plans=0 solverEntered=0 solverSuccess=0 revmSimSuccess=0 rpcVerifySuccess=0 simSuccess=0 submitAttempts=0 accepted=0 expiredBeforeSolver=0 quoteTimeouts=0 simReverts=0 finalVerifyFailed=0 finalVerifySkipped=0 missingState=0 revmErrors=0 pendingReceived=4 pendingFilteredReceived=4 mempoolOpportunitySeen=0 mempoolToSim=0 cuProxyRpcCalls=0
[searcher/live] hint tx=0x17f83a5be771da9683df09bb5f794e6359e607b603a5106b1544abb7332f530f src=mev-share
[searcher/live] 0x17f83a5b skip: no matching graph pool
[searcher/live] 0x17f83a5b end-to-end 1ms
[searcher/live] counters hints=64 impacts=10 opportunities=0 plans=0 solverEntered=0 solverSuccess=0 revmSimSuccess=0 rpcVerifySuccess=0 simSuccess=0 submitAttempts=0 accepted=0 expiredBeforeSolver=0 quoteTimeouts=0 simReverts=0 finalVerifyFailed=0 finalVerifySkipped=0 missingState=0 revmErrors=0 pendingReceived=4 pendingFilteredReceived=4 mempoolOpportunitySeen=0 mempoolToSim=0 cuProxyRpcCalls=0
[searcher/live] hint tx=0x06efbb70fe2b7ad6b0136751aa6060e62d41af9b632bdbaec4a4b92db1255f59 src=mev-share
[searcher/live] 0x06efbb70 log: addr=0xf78bf0da t0=0xb9c5ff08
[searcher/live] 0x06efbb70 Transfer: token=0xa0b86991 from=0x14a1bed2 to=0x05ff6964
[searcher/live] 0x06efbb70 token-index hit, trying RPC fetch
[searcher/live] 0x06efbb70 skip: tx not available from RPC (private MEV-Share tx)
[searcher/live] 0x06efbb70 end-to-end 492ms
[searcher/live] counters hints=65 impacts=10 opportunities=0 plans=0 solverEntered=0 solverSuccess=0 revmSimSuccess=0 rpcVerifySuccess=0 simSuccess=0 submitAttempts=0 accepted=0 expiredBeforeSolver=0 quoteTimeouts=0 simReverts=0 finalVerifyFailed=0 finalVerifySkipped=0 missingState=0 revmErrors=0 pendingReceived=4 pendingFilteredReceived=4 mempoolOpportunitySeen=0 mempoolToSim=0 cuProxyRpcCalls=0
[searcher/live] hint tx=0x449634bf03d790ac67919a30fb53c5d0b6a765b63bb4168594ba18137daa26db src=mev-share
[searcher/live] 0x449634bf log: addr=0xf78bf0da t0=0xb9c5ff08
[searcher/live] 0x449634bf Transfer: token=0xdac17f95 from=0xf13a430b to=0x78dff89b
[searcher/live] 0x449634bf token-index hit, trying RPC fetch
[searcher/live] 0x449634bf skip: tx not available from RPC (private MEV-Share tx)
[searcher/live] 0x449634bf end-to-end 483ms
[searcher/live] counters hints=66 impacts=10 opportunities=0 plans=0 solverEntered=0 solverSuccess=0 revmSimSuccess=0 rpcVerifySuccess=0 simSuccess=0 submitAttempts=0 accepted=0 expiredBeforeSolver=0 quoteTimeouts=0 simReverts=0 finalVerifyFailed=0 finalVerifySkipped=0 missingState=0 revmErrors=0 pendingReceived=5 pendingFilteredReceived=5 mempoolOpportunitySeen=0 mempoolToSim=0 cuProxyRpcCalls=0
[searcher/live] hint tx=0x3fb6418ba9afd4a12282abf472d1cbdaafcded1cf0a566a78dffdbccfb3999e4 src=mempool
[searcher/live] 0x3fb6418b skip: victim apply failed: 0x3fb6418ba9afd4a12282abf472d1cbdaafcded1cf0a566a78dffdbccfb3999e4
[searcher/live] 0x3fb6418b end-to-end 1641ms
[searcher/live] counters hints=67 impacts=10 opportunities=0 plans=0 solverEntered=0 solverSuccess=0 revmSimSuccess=0 rpcVerifySuccess=0 simSuccess=0 submitAttempts=0 accepted=0 expiredBeforeSolver=0 quoteTimeouts=0 simReverts=0 finalVerifyFailed=0 finalVerifySkipped=0 missingState=0 revmErrors=0 pendingReceived=5 pendingFilteredReceived=5 mempoolOpportunitySeen=0 mempoolToSim=0 cuProxyRpcCalls=0
[searcher/live] hint tx=0xfc0a5412c73d25aaf70751bab6bd102f389691be1a7ca893a994d211a198aa85 src=mev-share
[searcher/live] 0xfc0a5412 Transfer: token=0xeeeeeeee from=0xa9ac43f5 to=0x33fb21ca
[searcher/live] 0xfc0a5412 log: addr=0x00000000 t0=0x40e9cecb
[searcher/live] 0xfc0a5412 Transfer: token=0x743a8697 from=0x42b4a6a5 to=0x00000000
[searcher/live] 0xfc0a5412 log: addr=0x743a8697 t0=0x8c5be1e5
[searcher/live] 0xfc0a5412 Transfer: token=0xeeeeeeee from=0x00000000 to=0x42b4a6a5
[searcher/live] 0xfc0a5412 skip: no matching graph pool
[searcher/live] 0xfc0a5412 end-to-end 2ms
[searcher/live] counters hints=68 impacts=10 opportunities=0 plans=0 solverEntered=0 solverSuccess=0 revmSimSuccess=0 rpcVerifySuccess=0 simSuccess=0 submitAttempts=0 accepted=0 expiredBeforeSolver=0 quoteTimeouts=0 simReverts=0 finalVerifyFailed=0 finalVerifySkipped=0 missingState=0 revmErrors=0 pendingReceived=5 pendingFilteredReceived=5 mempoolOpportunitySeen=0 mempoolToSim=0 cuProxyRpcCalls=0
[searcher/live] hint tx=0xc2d7fc6d92fd74b1b5e9b53f4a16a91d621059a8bd0808b0b903883988f2091a src=mev-share
[searcher/live] 0xc2d7fc6d log: addr=0x00000000 t0=0x40e9cecb
[searcher/live] 0xc2d7fc6d Transfer: token=0x743a8697 from=0x42b4a6a5 to=0x00000000
[searcher/live] 0xc2d7fc6d log: addr=0x743a8697 t0=0x8c5be1e5
[searcher/live] 0xc2d7fc6d Transfer: token=0xeeeeeeee from=0x00000000 to=0x42b4a6a5
[searcher/live] 0xc2d7fc6d skip: no matching graph pool
[searcher/live] 0xc2d7fc6d end-to-end 4ms
[searcher/live] counters hints=69 impacts=10 opportunities=0 plans=0 solverEntered=0 solverSuccess=0 revmSimSuccess=0 rpcVerifySuccess=0 simSuccess=0 submitAttempts=0 accepted=0 expiredBeforeSolver=0 quoteTimeouts=0 simReverts=0 finalVerifyFailed=0 finalVerifySkipped=0 missingState=0 revmErrors=0 pendingReceived=5 pendingFilteredReceived=5 mempoolOpportunitySeen=0 mempoolToSim=0 cuProxyRpcCalls=0
[searcher/live] hint tx=0xf98932b38d91b5643ee3f98fa02bad601cc0a73b352bdb6d81ddf28cf70bc27c src=mev-share
[searcher/live] 0xf98932b3 log: addr=0xf78bf0da t0=0xb9c5ff08
[searcher/live] 0xf98932b3 log: addr=0x00000000 t0=0x40e9cecb
[searcher/live] 0xf98932b3 Transfer: token=0x743a8697 from=0x42b4a6a5 to=0x00000000
[searcher/live] 0xf98932b3 log: addr=0x743a8697 t0=0x8c5be1e5
[searcher/live] 0xf98932b3 Transfer: token=0xeeeeeeee from=0x00000000 to=0x42b4a6a5
[searcher/live] 0xf98932b3 skip: no matching graph pool
[searcher/live] 0xf98932b3 end-to-end 2ms
[searcher/live] counters hints=70 impacts=10 opportunities=0 plans=0 solverEntered=0 solverSuccess=0 revmSimSuccess=0 rpcVerifySuccess=0 simSuccess=0 submitAttempts=0 accepted=0 expiredBeforeSolver=0 quoteTimeouts=0 simReverts=0 finalVerifyFailed=0 finalVerifySkipped=0 missingState=0 revmErrors=0 pendingReceived=5 pendingFilteredReceived=5 mempoolOpportunitySeen=0 mempoolToSim=0 cuProxyRpcCalls=0
[searcher/live] hint tx=0xcdda6d8d6a3f6e89e1486356703d6f6615979af4b347950b10117957e6dc90e2 src=mev-share
[searcher/live] 0xcdda6d8d log: addr=0xf78bf0da t0=0xb9c5ff08
[searcher/live] 0xcdda6d8d Transfer: token=0x82618054 from=0xf42aac93 to=0x432b84ca
[searcher/live] 0xcdda6d8d skip: no matching graph pool
[searcher/live] 0xcdda6d8d end-to-end 2ms
[searcher/live] counters hints=71 impacts=10 opportunities=0 plans=0 solverEntered=0 solverSuccess=0 revmSimSuccess=0 rpcVerifySuccess=0 simSuccess=0 submitAttempts=0 accepted=0 expiredBeforeSolver=0 quoteTimeouts=0 simReverts=0 finalVerifyFailed=0 finalVerifySkipped=0 missingState=0 revmErrors=0 pendingReceived=5 pendingFilteredReceived=5 mempoolOpportunitySeen=0 mempoolToSim=0 cuProxyRpcCalls=0
[searcher/live] hint tx=0x6a823d40a14233e87c913de8f776437bdb3e81f34bfaeef0aa12f543de0a1829 src=mev-share
[searcher/live] 0x6a823d40 log: addr=0xf78bf0da t0=0xb9c5ff08
[searcher/live] 0x6a823d40 Transfer: token=0xa0b86991 from=0x19dbd616 to=0xdbf07bf0
[searcher/live] 0x6a823d40 token-index hit, trying RPC fetch
[searcher/live] 0x6a823d40 skip: tx not available from RPC (private MEV-Share tx)
[searcher/live] 0x6a823d40 end-to-end 462ms
[searcher/live] counters hints=72 impacts=10 opportunities=0 plans=0 solverEntered=0 solverSuccess=0 revmSimSuccess=0 rpcVerifySuccess=0 simSuccess=0 submitAttempts=0 accepted=0 expiredBeforeSolver=0 quoteTimeouts=0 simReverts=0 finalVerifyFailed=0 finalVerifySkipped=0 missingState=0 revmErrors=0 pendingReceived=5 pendingFilteredReceived=5 mempoolOpportunitySeen=0 mempoolToSim=0 cuProxyRpcCalls=0
[searcher/live] hint tx=0xf8f3654e945d0d05720c06047c679c3ac85aca203e2dd930e2e80a66513e110d src=mev-share
[searcher/live] 0xf8f3654e log: addr=0xf78bf0da t0=0xb9c5ff08
[searcher/live] 0xf8f3654e Transfer: token=0xdac17f95 from=0xad659891 to=0x016606ac
[searcher/live] 0xf8f3654e token-index hit, trying RPC fetch
[searcher/live] 0xf8f3654e skip: tx not available from RPC (private MEV-Share tx)
[searcher/live] 0xf8f3654e end-to-end 477ms
[searcher/live] counters hints=73 impacts=10 opportunities=0 plans=0 solverEntered=0 solverSuccess=0 revmSimSuccess=0 rpcVerifySuccess=0 simSuccess=0 submitAttempts=0 accepted=0 expiredBeforeSolver=0 quoteTimeouts=0 simReverts=0 finalVerifyFailed=0 finalVerifySkipped=0 missingState=0 revmErrors=0 pendingReceived=5 pendingFilteredReceived=5 mempoolOpportunitySeen=0 mempoolToSim=0 cuProxyRpcCalls=0
[searcher/live] hint tx=0x94ec7624fefade405a1b7b7f0ec4003fc8490a64ab7f3e06bb23baa12786511e src=mev-share
[searcher/live] 0x94ec7624 log: addr=0xf78bf0da t0=0xb9c5ff08
[searcher/live] 0x94ec7624 Transfer: token=0xdac17f95 from=0xcca1d4d0 to=0x016606ac
[searcher/live] 0x94ec7624 token-index hit, trying RPC fetch
[searcher/live] 0x94ec7624 skip: tx not available from RPC (private MEV-Share tx)
[searcher/live] 0x94ec7624 end-to-end 463ms
[searcher/live] counters hints=74 impacts=10 opportunities=0 plans=0 solverEntered=0 solverSuccess=0 revmSimSuccess=0 rpcVerifySuccess=0 simSuccess=0 submitAttempts=0 accepted=0 expiredBeforeSolver=0 quoteTimeouts=0 simReverts=0 finalVerifyFailed=0 finalVerifySkipped=0 missingState=0 revmErrors=0 pendingReceived=5 pendingFilteredReceived=5 mempoolOpportunitySeen=0 mempoolToSim=0 cuProxyRpcCalls=0
[searcher/live] hint tx=0x663f8322ebd16777cb16435abff318124a30f263532ad1bf92a7d6a9473e74e3 src=mev-share
[searcher/live] 0x663f8322 log: addr=0xf78bf0da t0=0xb9c5ff08
[searcher/live] 0x663f8322 Transfer: token=0xdac17f95 from=0xfb9df6da to=0x016606ac
[searcher/live] 0x663f8322 token-index hit, trying RPC fetch
[searcher/live] 0x663f8322 skip: tx not available from RPC (private MEV-Share tx)
[searcher/live] 0x663f8322 end-to-end 477ms
[searcher/live] counters hints=75 impacts=10 opportunities=0 plans=0 solverEntered=0 solverSuccess=0 revmSimSuccess=0 rpcVerifySuccess=0 simSuccess=0 submitAttempts=0 accepted=0 expiredBeforeSolver=0 quoteTimeouts=0 simReverts=0 finalVerifyFailed=0 finalVerifySkipped=0 missingState=0 revmErrors=0 pendingReceived=5 pendingFilteredReceived=5 mempoolOpportunitySeen=0 mempoolToSim=0 cuProxyRpcCalls=0
[searcher/live] hint tx=0x75bddae0f9829208f16864e4661107ea0fc1bc60e14a67dd06ab08ed55a3039b src=mev-share
[searcher/live] 0x75bddae0 log: addr=0xf78bf0da t0=0xb9c5ff08
[searcher/live] 0x75bddae0 Transfer: token=0xdac17f95 from=0x7b764004 to=0x480cd46e
[searcher/live] 0x75bddae0 token-index hit, trying RPC fetch
[searcher/live] 0x75bddae0 skip: tx not available from RPC (private MEV-Share tx)
[searcher/live] 0x75bddae0 end-to-end 461ms
[searcher/live] counters hints=76 impacts=10 opportunities=0 plans=0 solverEntered=0 solverSuccess=0 revmSimSuccess=0 rpcVerifySuccess=0 simSuccess=0 submitAttempts=0 accepted=0 expiredBeforeSolver=0 quoteTimeouts=0 simReverts=0 finalVerifyFailed=0 finalVerifySkipped=0 missingState=0 revmErrors=0 pendingReceived=5 pendingFilteredReceived=5 mempoolOpportunitySeen=0 mempoolToSim=0 cuProxyRpcCalls=0
[searcher/live] hint tx=0xaeefa90416d6432d69f68db8358edc5f88b55831a7cbbd49ed62ab76b9fa98e0 src=mev-share
[searcher/live] 0xaeefa904 log: addr=0xf78bf0da t0=0xb9c5ff08
[searcher/live] 0xaeefa904 skip: no matching graph pool
[searcher/live] 0xaeefa904 end-to-end 3ms
[searcher/live] counters hints=77 impacts=10 opportunities=0 plans=0 solverEntered=0 solverSuccess=0 revmSimSuccess=0 rpcVerifySuccess=0 simSuccess=0 submitAttempts=0 accepted=0 expiredBeforeSolver=0 quoteTimeouts=0 simReverts=0 finalVerifyFailed=0 finalVerifySkipped=0 missingState=0 revmErrors=0 pendingReceived=5 pendingFilteredReceived=5 mempoolOpportunitySeen=0 mempoolToSim=0 cuProxyRpcCalls=0
[searcher/live] hint tx=0x2afa9251a10b669223ea390766eed38a8d4d7058b95cfc2873975854d1ec6dab src=mev-share
[searcher/live] 0x2afa9251 log: addr=0xf78bf0da t0=0xb9c5ff08
[searcher/live] 0x2afa9251 Transfer: token=0xa0b86991 from=0x207b0072 to=0x6cdb7776
[searcher/live] 0x2afa9251 token-index hit, trying RPC fetch
[searcher/live] 0x2afa9251 skip: tx not available from RPC (private MEV-Share tx)
[searcher/live] 0x2afa9251 end-to-end 464ms
[searcher/live] counters hints=78 impacts=10 opportunities=0 plans=0 solverEntered=0 solverSuccess=0 revmSimSuccess=0 rpcVerifySuccess=0 simSuccess=0 submitAttempts=0 accepted=0 expiredBeforeSolver=0 quoteTimeouts=0 simReverts=0 finalVerifyFailed=0 finalVerifySkipped=0 missingState=0 revmErrors=0 pendingReceived=5 pendingFilteredReceived=5 mempoolOpportunitySeen=0 mempoolToSim=0 cuProxyRpcCalls=0
[searcher/live] hint tx=0xc61622caa1fa326577214c28c0f65d19842f7b3925bf1c31f05e16de7cb95593 src=mev-share
[searcher/live] 0xc61622ca log: addr=0xf78bf0da t0=0xb9c5ff08
[searcher/live] 0xc61622ca Transfer: token=0x8292bb45 from=0xaf45ef46 to=0x10ded524
[searcher/live] 0xc61622ca skip: no matching graph pool
[searcher/live] 0xc61622ca end-to-end 4ms
[searcher/live] counters hints=79 impacts=10 opportunities=0 plans=0 solverEntered=0 solverSuccess=0 revmSimSuccess=0 rpcVerifySuccess=0 simSuccess=0 submitAttempts=0 accepted=0 expiredBeforeSolver=0 quoteTimeouts=0 simReverts=0 finalVerifyFailed=0 finalVerifySkipped=0 missingState=0 revmErrors=0 pendingReceived=5 pendingFilteredReceived=5 mempoolOpportunitySeen=0 mempoolToSim=0 cuProxyRpcCalls=0
[searcher/live] hint tx=0xa2b0dd5edcd86a6eb1d57581c7aaa0eac9d874a5e30c4121048679befa8d6411 src=mev-share
[searcher/live] 0xa2b0dd5e log: addr=0xf78bf0da t0=0xb9c5ff08
[searcher/live] 0xa2b0dd5e Transfer: token=0xdac17f95 from=0xf3a58162 to=0xb49db3ed
[searcher/live] 0xa2b0dd5e token-index hit, trying RPC fetch
[searcher/live] 0xa2b0dd5e skip: tx not available from RPC (private MEV-Share tx)
[searcher/live] 0xa2b0dd5e end-to-end 466ms
[searcher/live] counters hints=80 impacts=10 opportunities=0 plans=0 solverEntered=0 solverSuccess=0 revmSimSuccess=0 rpcVerifySuccess=0 simSuccess=0 submitAttempts=0 accepted=0 expiredBeforeSolver=0 quoteTimeouts=0 simReverts=0 finalVerifyFailed=0 finalVerifySkipped=0 missingState=0 revmErrors=0 pendingReceived=5 pendingFilteredReceived=5 mempoolOpportunitySeen=0 mempoolToSim=0 cuProxyRpcCalls=0
[searcher/live] hint tx=0xc37e8100d34c9bf19bd5973f0221530ef47dcfe3d41c4eb09e48ffe3925747fc src=mev-share
[searcher/live] 0xc37e8100 log: addr=0xf78bf0da t0=0xb9c5ff08
[searcher/live] 0xc37e8100 Transfer: token=0xdac17f95 from=0x642bbe95 to=0x7ff8bbf9
[searcher/live] 0xc37e8100 token-index hit, trying RPC fetch
[searcher/live] 0xc37e8100 skip: tx not available from RPC (private MEV-Share tx)
[searcher/live] 0xc37e8100 end-to-end 471ms
[searcher/live] counters hints=81 impacts=10 opportunities=0 plans=0 solverEntered=0 solverSuccess=0 revmSimSuccess=0 rpcVerifySuccess=0 simSuccess=0 submitAttempts=0 accepted=0 expiredBeforeSolver=0 quoteTimeouts=0 simReverts=0 finalVerifyFailed=0 finalVerifySkipped=0 missingState=0 revmErrors=0 pendingReceived=5 pendingFilteredReceived=5 mempoolOpportunitySeen=0 mempoolToSim=0 cuProxyRpcCalls=0
[searcher/live] hint tx=0x2a11538c4351e9d309b1e882c47b647895d7e9ad1444dbfb96ebda59d402e746 src=mev-share
[searcher/live] 0x2a11538c log: addr=0xf78bf0da t0=0xb9c5ff08
[searcher/live] 0x2a11538c Transfer: token=0xa0b86991 from=0xcd91d439 to=0x46610673
[searcher/live] 0x2a11538c token-index hit, trying RPC fetch
[searcher/live] 0x2a11538c skip: tx not available from RPC (private MEV-Share tx)
[searcher/live] 0x2a11538c end-to-end 465ms
[searcher/live] counters hints=82 impacts=10 opportunities=0 plans=0 solverEntered=0 solverSuccess=0 revmSimSuccess=0 rpcVerifySuccess=0 simSuccess=0 submitAttempts=0 accepted=0 expiredBeforeSolver=0 quoteTimeouts=0 simReverts=0 finalVerifyFailed=0 finalVerifySkipped=0 missingState=0 revmErrors=0 pendingReceived=5 pendingFilteredReceived=5 mempoolOpportunitySeen=0 mempoolToSim=0 cuProxyRpcCalls=0
[searcher/live] hint tx=0xc3a45be4c074b8b3117edf5342756575cecfa14121c342e0dbdfde5212452394 src=mev-share
[searcher/live] 0xc3a45be4 log: addr=0xf78bf0da t0=0xb9c5ff08
[searcher/live] 0xc3a45be4 log: addr=0x8b465e13 t0=0x43363c9c
[searcher/live] 0xc3a45be4 Transfer: token=0xdac17f95 from=0x03427374 to=0xd23fd09c
[searcher/live] 0xc3a45be4 Transfer: token=0xdac17f95 from=0x03427374 to=0x9968f868
[searcher/live] 0xc3a45be4 token-index hit, trying RPC fetch
[searcher/live] 0xc3a45be4 skip: tx not available from RPC (private MEV-Share tx)
[searcher/live] 0xc3a45be4 end-to-end 460ms
[searcher/live] counters hints=83 impacts=10 opportunities=0 plans=0 solverEntered=0 solverSuccess=0 revmSimSuccess=0 rpcVerifySuccess=0 simSuccess=0 submitAttempts=0 accepted=0 expiredBeforeSolver=0 quoteTimeouts=0 simReverts=0 finalVerifyFailed=0 finalVerifySkipped=0 missingState=0 revmErrors=0 pendingReceived=5 pendingFilteredReceived=5 mempoolOpportunitySeen=0 mempoolToSim=0 cuProxyRpcCalls=0
[searcher/live] hint tx=0x7d994e447f454a6c4ef3ba8c3b24b51a4dbcccd29fc5ff155a088873b2d8d958 src=mev-share
[searcher/live] 0x7d994e44 log: addr=0xf78bf0da t0=0xb9c5ff08
[searcher/live] 0x7d994e44 Transfer: token=0xdac17f95 from=0x1d425fdd to=0xf8473d76
[searcher/live] 0x7d994e44 token-index hit, trying RPC fetch
[searcher/live] 0x7d994e44 skip: tx not available from RPC (private MEV-Share tx)
[searcher/live] 0x7d994e44 end-to-end 733ms
[searcher/live] counters hints=84 impacts=10 opportunities=0 plans=0 solverEntered=0 solverSuccess=0 revmSimSuccess=0 rpcVerifySuccess=0 simSuccess=0 submitAttempts=0 accepted=0 expiredBeforeSolver=0 quoteTimeouts=0 simReverts=0 finalVerifyFailed=0 finalVerifySkipped=0 missingState=0 revmErrors=0 pendingReceived=5 pendingFilteredReceived=5 mempoolOpportunitySeen=0 mempoolToSim=0 cuProxyRpcCalls=0
[searcher/live] hint tx=0xb28126026d29cc10a0cca27e916ec079258af7f981f9c250c0cadd4dc0a2c04a src=mev-share
[searcher/live] 0xb2812602 log: addr=0xf78bf0da t0=0xb9c5ff08
[searcher/live] 0xb2812602 Transfer: token=0xdac17f95 from=0xead8db5a to=0x0b0e65cc
[searcher/live] 0xb2812602 token-index hit, trying RPC fetch
[searcher/live] 0xb2812602 skip: tx not available from RPC (private MEV-Share tx)
[searcher/live] 0xb2812602 end-to-end 457ms
[searcher/live] counters hints=85 impacts=10 opportunities=0 plans=0 solverEntered=0 solverSuccess=0 revmSimSuccess=0 rpcVerifySuccess=0 simSuccess=0 submitAttempts=0 accepted=0 expiredBeforeSolver=0 quoteTimeouts=0 simReverts=0 finalVerifyFailed=0 finalVerifySkipped=0 missingState=0 revmErrors=0 pendingReceived=5 pendingFilteredReceived=5 mempoolOpportunitySeen=0 mempoolToSim=0 cuProxyRpcCalls=0
[searcher/live] hint tx=0x097413b5b9b343777266bc3ee4db8bd4e42fb1a120623a2f00472f016b6e17e8 src=mev-share
[searcher/live] 0x097413b5 log: addr=0xf78bf0da t0=0xb9c5ff08
[searcher/live] 0x097413b5 log: addr=0xf7f9638c t0=0xc9b63ed9
[searcher/live] 0x097413b5 skip: no matching graph pool
[searcher/live] 0x097413b5 end-to-end 2ms
[searcher/live] counters hints=86 impacts=10 opportunities=0 plans=0 solverEntered=0 solverSuccess=0 revmSimSuccess=0 rpcVerifySuccess=0 simSuccess=0 submitAttempts=0 accepted=0 expiredBeforeSolver=0 quoteTimeouts=0 simReverts=0 finalVerifyFailed=0 finalVerifySkipped=0 missingState=0 revmErrors=0 pendingReceived=5 pendingFilteredReceived=5 mempoolOpportunitySeen=0 mempoolToSim=0 cuProxyRpcCalls=0
[searcher/live] hint tx=0x397b74468f43d60bcf99956fa46136ac66e4e9b18a5e827ff0b843829d37d8ce src=mev-share
[searcher/live] 0x397b7446 log: addr=0xf78bf0da t0=0xb9c5ff08
[searcher/live] 0x397b7446 Transfer: token=0xeeeeeeee from=0xe70ae053 to=0x1a968a28
[searcher/live] 0x397b7446 log: addr=0xe70ae053 t0=0x59bed9ab
[searcher/live] 0x397b7446 skip: no matching graph pool
[searcher/live] 0x397b7446 end-to-end 1ms
[searcher/live] counters hints=87 impacts=10 opportunities=0 plans=0 solverEntered=0 solverSuccess=0 revmSimSuccess=0 rpcVerifySuccess=0 simSuccess=0 submitAttempts=0 accepted=0 expiredBeforeSolver=0 quoteTimeouts=0 simReverts=0 finalVerifyFailed=0 finalVerifySkipped=0 missingState=0 revmErrors=0 pendingReceived=5 pendingFilteredReceived=5 mempoolOpportunitySeen=0 mempoolToSim=0 cuProxyRpcCalls=0
[searcher/live] hint tx=0xc091d4f052a80c1434333a46637ca5a2fb974302c8684e38075f5b1701b3d343 src=mev-share
[searcher/live] 0xc091d4f0 log: addr=0xf78bf0da t0=0xb9c5ff08
[searcher/live] 0xc091d4f0 Transfer: token=0xa0b86991 from=0x35d86b91 to=0xd9c8ae8f
[searcher/live] 0xc091d4f0 token-index hit, trying RPC fetch
[searcher/live] 0xc091d4f0 skip: tx not available from RPC (private MEV-Share tx)
[searcher/live] 0xc091d4f0 end-to-end 457ms
[searcher/live] counters hints=88 impacts=10 opportunities=0 plans=0 solverEntered=0 solverSuccess=0 revmSimSuccess=0 rpcVerifySuccess=0 simSuccess=0 submitAttempts=0 accepted=0 expiredBeforeSolver=0 quoteTimeouts=0 simReverts=0 finalVerifyFailed=0 finalVerifySkipped=0 missingState=0 revmErrors=0 pendingReceived=6 pendingFilteredReceived=6 mempoolOpportunitySeen=0 mempoolToSim=0 cuProxyRpcCalls=0
[searcher/live] hint tx=0x00409c5f40d6e8d216683ddf461f9a688e3275d3c7d4ed5153d4e5400c17e034 src=mempool
[searcher/live] state update block=25423656 reason=block recent=0/24 pinned=8/8 watched=8
[pool-updater] block=25423656 seeded v2=0 v3=3 watched=5/32 tickRefresh=1/1 244ms
[searcher/live] 0x00409c5f skip: victim apply failed: 0x00409c5f40d6e8d216683ddf461f9a688e3275d3c7d4ed5153d4e5400c17e034
[searcher/live] 0x00409c5f end-to-end 1230ms
[searcher/live] counters hints=89 impacts=10 opportunities=0 plans=0 solverEntered=0 solverSuccess=0 revmSimSuccess=0 rpcVerifySuccess=0 simSuccess=0 submitAttempts=0 accepted=0 expiredBeforeSolver=0 quoteTimeouts=0 simReverts=0 finalVerifyFailed=0 finalVerifySkipped=0 missingState=0 revmErrors=0 pendingReceived=12 pendingFilteredReceived=12 mempoolOpportunitySeen=0 mempoolToSim=0 cuProxyRpcCalls=0
[searcher/live] hint tx=0x18f7b5f95f3ccc2c840c5e8024a7a34f5bb034baf39cb02f78ee31c5e1dcd1d9 src=mev-share
[searcher/live] 0x18f7b5f9 log: addr=0xf78bf0da t0=0xb9c5ff08
[searcher/live] 0x18f7b5f9 Transfer: token=0xeeeeeeee from=0x397be73c to=0xa20fa1e8
[searcher/live] 0x18f7b5f9 skip: no matching graph pool
[searcher/live] 0x18f7b5f9 end-to-end 4ms
[searcher/live] counters hints=90 impacts=10 opportunities=0 plans=0 solverEntered=0 solverSuccess=0 revmSimSuccess=0 rpcVerifySuccess=0 simSuccess=0 submitAttempts=0 accepted=0 expiredBeforeSolver=0 quoteTimeouts=0 simReverts=0 finalVerifyFailed=0 finalVerifySkipped=0 missingState=0 revmErrors=0 pendingReceived=12 pendingFilteredReceived=12 mempoolOpportunitySeen=0 mempoolToSim=0 cuProxyRpcCalls=0
[searcher/live] hint tx=0xac36422473b7e794ae9d898fa98ff8f410d1571d29a7d87b7bef67dd56cc1d96 src=mempool
[pool-updater] ticks block=25423656 seeded=1 1062ms
[searcher/live] 0xac364224 skip: victim apply failed: 0xac36422473b7e794ae9d898fa98ff8f410d1571d29a7d87b7bef67dd56cc1d96
[searcher/live] 0xac364224 end-to-end 1461ms
[searcher/live] counters hints=91 impacts=10 opportunities=0 plans=0 solverEntered=0 solverSuccess=0 revmSimSuccess=0 rpcVerifySuccess=0 simSuccess=0 submitAttempts=0 accepted=0 expiredBeforeSolver=0 quoteTimeouts=0 simReverts=0 finalVerifyFailed=0 finalVerifySkipped=0 missingState=0 revmErrors=0 pendingReceived=12 pendingFilteredReceived=12 mempoolOpportunitySeen=0 mempoolToSim=0 cuProxyRpcCalls=0
[searcher/live] hint tx=0x1b40c888e39d0b674279374a6cbcef284fdd8c8b336201b9071c8e1ee3d05717 src=mev-share
[searcher/live] 0x1b40c888 log: addr=0xf78bf0da t0=0xb9c5ff08
[searcher/live] 0x1b40c888 Transfer: token=0xeeeeeeee from=0x91a0a304 to=0xac737a00
[searcher/live] 0x1b40c888 skip: no matching graph pool
[searcher/live] 0x1b40c888 end-to-end 2ms
[searcher/live] counters hints=92 impacts=10 opportunities=0 plans=0 solverEntered=0 solverSuccess=0 revmSimSuccess=0 rpcVerifySuccess=0 simSuccess=0 submitAttempts=0 accepted=0 expiredBeforeSolver=0 quoteTimeouts=0 simReverts=0 finalVerifyFailed=0 finalVerifySkipped=0 missingState=0 revmErrors=0 pendingReceived=12 pendingFilteredReceived=12 mempoolOpportunitySeen=0 mempoolToSim=0 cuProxyRpcCalls=0
[searcher/live] hint tx=0xe75479bf3d7fed67e3d9bc87f57bc762344495f90de194b61b32642dbf0b5259 src=mempool
[searcher/live] 0xe75479bf skip: victim apply failed: 0xe75479bf3d7fed67e3d9bc87f57bc762344495f90de194b61b32642dbf0b5259
[searcher/live] 0xe75479bf end-to-end 1182ms
[searcher/live] counters hints=93 impacts=10 opportunities=0 plans=0 solverEntered=0 solverSuccess=0 revmSimSuccess=0 rpcVerifySuccess=0 simSuccess=0 submitAttempts=0 accepted=0 expiredBeforeSolver=0 quoteTimeouts=0 simReverts=0 finalVerifyFailed=0 finalVerifySkipped=0 missingState=0 revmErrors=0 pendingReceived=12 pendingFilteredReceived=12 mempoolOpportunitySeen=0 mempoolToSim=0 cuProxyRpcCalls=0
[searcher/live] hint tx=0xa82526c4b97d1171daa819f8d8ead7c8b2ccc73d6dc1da22caeef0c1d26337c1 src=mev-share
[searcher/live] 0xa82526c4 log: addr=0xf78bf0da t0=0xb9c5ff08
[searcher/live] 0xa82526c4 Transfer: token=0xdac17f95 from=0xac7b1b39 to=0xaa25ce78
[searcher/live] 0xa82526c4 token-index hit, trying RPC fetch
[searcher/live] 0xa82526c4 skip: tx not available from RPC (private MEV-Share tx)
[searcher/live] 0xa82526c4 end-to-end 473ms
[searcher/live] counters hints=94 impacts=10 opportunities=0 plans=0 solverEntered=0 solverSuccess=0 revmSimSuccess=0 rpcVerifySuccess=0 simSuccess=0 submitAttempts=0 accepted=0 expiredBeforeSolver=0 quoteTimeouts=0 simReverts=0 finalVerifyFailed=0 finalVerifySkipped=0 missingState=0 revmErrors=0 pendingReceived=12 pendingFilteredReceived=12 mempoolOpportunitySeen=0 mempoolToSim=0 cuProxyRpcCalls=0
[searcher/live] hint tx=0xbda836a2572d94ed5c466c95fa49408faece7897fdb861743e10e3287a10f7ed src=mempool
[searcher/live] 0xbda836a2 skip: victim apply failed: 0xbda836a2572d94ed5c466c95fa49408faece7897fdb861743e10e3287a10f7ed
[searcher/live] 0xbda836a2 end-to-end 1651ms
[searcher/live] counters hints=95 impacts=10 opportunities=0 plans=0 solverEntered=0 solverSuccess=0 revmSimSuccess=0 rpcVerifySuccess=0 simSuccess=0 submitAttempts=0 accepted=0 expiredBeforeSolver=0 quoteTimeouts=0 simReverts=0 finalVerifyFailed=0 finalVerifySkipped=0 missingState=0 revmErrors=0 pendingReceived=12 pendingFilteredReceived=12 mempoolOpportunitySeen=0 mempoolToSim=0 cuProxyRpcCalls=0
[searcher/live] hint tx=0xe059851dbda78c25246bd4c63d39b39ce13eb9437e6b2af5f6ba46c9bade729b src=mev-share
[searcher/live] 0xe059851d skip: no matching graph pool
[searcher/live] 0xe059851d end-to-end 2ms
[searcher/live] counters hints=96 impacts=10 opportunities=0 plans=0 solverEntered=0 solverSuccess=0 revmSimSuccess=0 rpcVerifySuccess=0 simSuccess=0 submitAttempts=0 accepted=0 expiredBeforeSolver=0 quoteTimeouts=0 simReverts=0 finalVerifyFailed=0 finalVerifySkipped=0 missingState=0 revmErrors=0 pendingReceived=12 pendingFilteredReceived=12 mempoolOpportunitySeen=0 mempoolToSim=0 cuProxyRpcCalls=0
[searcher/live] hint tx=0xd448677216fd618fbbf1f19ef196d330136f1a99cd912a72f3c588443326e030 src=mempool
[searcher/live] 0xd4486772 skip: victim apply failed: 0xd448677216fd618fbbf1f19ef196d330136f1a99cd912a72f3c588443326e030
[searcher/live] 0xd4486772 end-to-end 1231ms
[searcher/live] counters hints=97 impacts=10 opportunities=0 plans=0 solverEntered=0 solverSuccess=0 revmSimSuccess=0 rpcVerifySuccess=0 simSuccess=0 submitAttempts=0 accepted=0 expiredBeforeSolver=0 quoteTimeouts=0 simReverts=0 finalVerifyFailed=0 finalVerifySkipped=0 missingState=0 revmErrors=0 pendingReceived=12 pendingFilteredReceived=12 mempoolOpportunitySeen=0 mempoolToSim=0 cuProxyRpcCalls=0
[searcher/live] hint tx=0xa15d8ba365db8320486d713c75fa4e61f94a224deb2109d5394f55c72fb73626 src=mev-share
[searcher/live] 0xa15d8ba3 log: addr=0xf78bf0da t0=0xb9c5ff08
[searcher/live] 0xa15d8ba3 Transfer: token=0xa0b86991 from=0xb8ffe77a to=0x7ff8bbf9
[searcher/live] 0xa15d8ba3 token-index hit, trying RPC fetch
[searcher/live] 0xa15d8ba3 skip: tx not available from RPC (private MEV-Share tx)
[searcher/live] 0xa15d8ba3 end-to-end 452ms
[searcher/live] counters hints=98 impacts=10 opportunities=0 plans=0 solverEntered=0 solverSuccess=0 revmSimSuccess=0 rpcVerifySuccess=0 simSuccess=0 submitAttempts=0 accepted=0 expiredBeforeSolver=0 quoteTimeouts=0 simReverts=0 finalVerifyFailed=0 finalVerifySkipped=0 missingState=0 revmErrors=0 pendingReceived=12 pendingFilteredReceived=12 mempoolOpportunitySeen=0 mempoolToSim=0 cuProxyRpcCalls=0
[searcher/live] hint tx=0x0035cef9f08dbdb9205e063cb934e88ecef20dcfd9d4902037f5a794688fb542 src=mempool
[searcher/live] 0x0035cef9 skip: victim apply failed: 0x0035cef9f08dbdb9205e063cb934e88ecef20dcfd9d4902037f5a794688fb542
[searcher/live] 0x0035cef9 end-to-end 1133ms
[searcher/live] counters hints=99 impacts=10 opportunities=0 plans=0 solverEntered=0 solverSuccess=0 revmSimSuccess=0 rpcVerifySuccess=0 simSuccess=0 submitAttempts=0 accepted=0 expiredBeforeSolver=0 quoteTimeouts=0 simReverts=0 finalVerifyFailed=0 finalVerifySkipped=0 missingState=0 revmErrors=0 pendingReceived=12 pendingFilteredReceived=12 mempoolOpportunitySeen=0 mempoolToSim=0 cuProxyRpcCalls=0
[searcher/live] hint tx=0x61eab3b346cfb5a64acf40e51449573b90091a72fe0cb97a01f643969da576e8 src=mev-share
[searcher/live] 0x61eab3b3 log: addr=0xf78bf0da t0=0xb9c5ff08
[searcher/live] 0x61eab3b3 log: addr=0x00000000 t0=0x40e9cecb
[searcher/live] 0x61eab3b3 Transfer: token=0x95669a65 from=0xff23e205 to=0x00000000
[searcher/live] 0x61eab3b3 Transfer: token=0xdac17f95 from=0x00000000 to=0xff23e205
[searcher/live] 0x61eab3b3 token-index hit, trying RPC fetch
[searcher/live] 0x61eab3b3 skip: tx not available from RPC (private MEV-Share tx)
[searcher/live] 0x61eab3b3 end-to-end 453ms
[searcher/live] counters hints=100 impacts=10 opportunities=0 plans=0 solverEntered=0 solverSuccess=0 revmSimSuccess=0 rpcVerifySuccess=0 simSuccess=0 submitAttempts=0 accepted=0 expiredBeforeSolver=0 quoteTimeouts=0 simReverts=0 finalVerifyFailed=0 finalVerifySkipped=0 missingState=0 revmErrors=0 pendingReceived=12 pendingFilteredReceived=12 mempoolOpportunitySeen=0 mempoolToSim=0 cuProxyRpcCalls=0
[searcher/live] hint tx=0x1867a3cfde0848798e40026b9f6b9e055242c7a8891b251d7bb640352045697a src=mempool
[searcher/live] 0x1867a3cf skip: victim apply failed: 0x1867a3cfde0848798e40026b9f6b9e055242c7a8891b251d7bb640352045697a
[searcher/live] 0x1867a3cf end-to-end 2386ms
[searcher/live] counters hints=101 impacts=10 opportunities=0 plans=0 solverEntered=0 solverSuccess=0 revmSimSuccess=0 rpcVerifySuccess=0 simSuccess=0 submitAttempts=0 accepted=0 expiredBeforeSolver=0 quoteTimeouts=0 simReverts=0 finalVerifyFailed=0 finalVerifySkipped=0 missingState=0 revmErrors=0 pendingReceived=12 pendingFilteredReceived=12 mempoolOpportunitySeen=0 mempoolToSim=0 cuProxyRpcCalls=0
[searcher/live] hint tx=0x71b3603da7f18d8913fcae190e131c0f0b6aee2158855a89594952083f9821a5 src=mev-share
[searcher/live] 0x71b3603d log: addr=0xf78bf0da t0=0xb9c5ff08
[searcher/live] 0x71b3603d Transfer: token=0xeeeeeeee from=0x0639556f to=0xfc5cecc7
[searcher/live] 0x71b3603d skip: no matching graph pool
[searcher/live] 0x71b3603d end-to-end 2ms
[searcher/live] counters hints=102 impacts=10 opportunities=0 plans=0 solverEntered=0 solverSuccess=0 revmSimSuccess=0 rpcVerifySuccess=0 simSuccess=0 submitAttempts=0 accepted=0 expiredBeforeSolver=0 quoteTimeouts=0 simReverts=0 finalVerifyFailed=0 finalVerifySkipped=0 missingState=0 revmErrors=0 pendingReceived=12 pendingFilteredReceived=12 mempoolOpportunitySeen=0 mempoolToSim=0 cuProxyRpcCalls=0
[searcher/live] hint tx=0xe6173ec8d91027ae997d84511a1d1ef84f0a3738f3c47d7e6684067120494690 src=mev-share
[searcher/live] 0xe6173ec8 log: addr=0xf78bf0da t0=0xb9c5ff08
[searcher/live] 0xe6173ec8 Transfer: token=0xa0b86991 from=0x4a311fea to=0xdfaa7532
[searcher/live] 0xe6173ec8 token-index hit, trying RPC fetch
[searcher/live] 0xe6173ec8 skip: tx not available from RPC (private MEV-Share tx)
[searcher/live] 0xe6173ec8 end-to-end 450ms
[searcher/live] counters hints=103 impacts=10 opportunities=0 plans=0 solverEntered=0 solverSuccess=0 revmSimSuccess=0 rpcVerifySuccess=0 simSuccess=0 submitAttempts=0 accepted=0 expiredBeforeSolver=0 quoteTimeouts=0 simReverts=0 finalVerifyFailed=0 finalVerifySkipped=0 missingState=0 revmErrors=0 pendingReceived=13 pendingFilteredReceived=13 mempoolOpportunitySeen=0 mempoolToSim=0 cuProxyRpcCalls=0
[searcher/live] hint tx=0x6f3c959604cd8f5a98dda59656ac735a541c4a000cbbc0475d0902f5050217b5 src=mempool
[searcher/live] state update block=25423657 reason=block recent=0/24 pinned=8/8 watched=8
[pool-updater] block=25423657 seeded v2=0 v3=3 watched=5/32 tickRefresh=1/1 208ms
[pool-updater] ticks block=25423657 seeded=1 336ms
[searcher/live] 0x6f3c9596 skip: victim apply failed: 0x6f3c959604cd8f5a98dda59656ac735a541c4a000cbbc0475d0902f5050217b5
[searcher/live] 0x6f3c9596 end-to-end 10025ms
[searcher/live] counters hints=104 impacts=10 opportunities=0 plans=0 solverEntered=0 solverSuccess=0 revmSimSuccess=0 rpcVerifySuccess=0 simSuccess=0 submitAttempts=0 accepted=0 expiredBeforeSolver=0 quoteTimeouts=0 simReverts=0 finalVerifyFailed=0 finalVerifySkipped=0 missingState=0 revmErrors=0 pendingReceived=13 pendingFilteredReceived=13 mempoolOpportunitySeen=0 mempoolToSim=0 cuProxyRpcCalls=0
[searcher/live] hint tx=0x49356ad2e39602425050ddc38c4c0436026dfe7f6431224da5ffba4b19350169 src=mev-share
[searcher/live] 0x49356ad2 log: addr=0xf78bf0da t0=0xb9c5ff08
[searcher/live] 0x49356ad2 Transfer: token=0xeeeeeeee from=0xeba88149 to=0xb9395904
[searcher/live] 0x49356ad2 skip: no matching graph pool
[searcher/live] 0x49356ad2 end-to-end 2ms
[searcher/live] counters hints=105 impacts=10 opportunities=0 plans=0 solverEntered=0 solverSuccess=0 revmSimSuccess=0 rpcVerifySuccess=0 simSuccess=0 submitAttempts=0 accepted=0 expiredBeforeSolver=0 quoteTimeouts=0 simReverts=0 finalVerifyFailed=0 finalVerifySkipped=0 missingState=0 revmErrors=0 pendingReceived=13 pendingFilteredReceived=13 mempoolOpportunitySeen=0 mempoolToSim=0 cuProxyRpcCalls=0
[searcher/live] hint tx=0x2374984db87f981c5c649a8a47e4cae06d4b1cceeff10255f8bd8f484048714c src=mev-share
[searcher/live] 0x2374984d log: addr=0xf78bf0da t0=0xb9c5ff08
[searcher/live] 0x2374984d skip: no matching graph pool
[searcher/live] 0x2374984d end-to-end 2ms
[searcher/live] counters hints=106 impacts=10 opportunities=0 plans=0 solverEntered=0 solverSuccess=0 revmSimSuccess=0 rpcVerifySuccess=0 simSuccess=0 submitAttempts=0 accepted=0 expiredBeforeSolver=0 quoteTimeouts=0 simReverts=0 finalVerifyFailed=0 finalVerifySkipped=0 missingState=0 revmErrors=0 pendingReceived=13 pendingFilteredReceived=13 mempoolOpportunitySeen=0 mempoolToSim=0 cuProxyRpcCalls=0
[searcher/live] hint tx=0x3b7943992af775219508654fdc515facb1f1fd15f2794c0adc036344401947c0 src=mev-share
[searcher/live] 0x3b794399 log: addr=0xf78bf0da t0=0xb9c5ff08
[searcher/live] 0x3b794399 Transfer: token=0xdac17f95 from=0xaf535628 to=0x94e20b03
[searcher/live] 0x3b794399 token-index hit, trying RPC fetch
[searcher/live] 0x3b794399 skip: tx not available from RPC (private MEV-Share tx)
[searcher/live] 0x3b794399 end-to-end 441ms
[searcher/live] counters hints=107 impacts=10 opportunities=0 plans=0 solverEntered=0 solverSuccess=0 revmSimSuccess=0 rpcVerifySuccess=0 simSuccess=0 submitAttempts=0 accepted=0 expiredBeforeSolver=0 quoteTimeouts=0 simReverts=0 finalVerifyFailed=0 finalVerifySkipped=0 missingState=0 revmErrors=0 pendingReceived=13 pendingFilteredReceived=13 mempoolOpportunitySeen=0 mempoolToSim=0 cuProxyRpcCalls=0
[searcher/live] hint tx=0x596d2606f9b7a5ccb5537d17589f6d5d3785dd62bba2fc7af6779d964b9bdc8b src=mev-share
[searcher/live] 0x596d2606 log: addr=0xf78bf0da t0=0xb9c5ff08
[searcher/live] 0x596d2606 Transfer: token=0xa0b86991 from=0x14d44624 to=0x0668c9bf
[searcher/live] 0x596d2606 token-index hit, trying RPC fetch
[searcher/live] 0x596d2606 skip: tx not available from RPC (private MEV-Share tx)
[searcher/live] 0x596d2606 end-to-end 458ms
[searcher/live] counters hints=108 impacts=10 opportunities=0 plans=0 solverEntered=0 solverSuccess=0 revmSimSuccess=0 rpcVerifySuccess=0 simSuccess=0 submitAttempts=0 accepted=0 expiredBeforeSolver=0 quoteTimeouts=0 simReverts=0 finalVerifyFailed=0 finalVerifySkipped=0 missingState=0 revmErrors=0 pendingReceived=14 pendingFilteredReceived=14 mempoolOpportunitySeen=0 mempoolToSim=0 cuProxyRpcCalls=0
[searcher/live] hint tx=0xa551df6eaf688e8897773d5bf2cb632b0dcfbd7dd4b09707f74422d7e5554b26 src=mempool
[searcher/live] 0xa551df6e skip: insufficient funds for intrinsic transaction cost (transaction="<REDACTED_HEX_BLOB:2430hex>", info={ "error": { "code": -32003, "message": "Insufficient funds for gas * price + value" } }, code=INSUFFICIENT_FUNDS, version=6.16.0)
[searcher/live] 0xa551df6e end-to-end 326ms
[searcher/live] counters hints=109 impacts=10 opportunities=0 plans=0 solverEntered=0 solverSuccess=0 revmSimSuccess=0 rpcVerifySuccess=0 simSuccess=0 submitAttempts=0 accepted=0 expiredBeforeSolver=0 quoteTimeouts=0 simReverts=0 finalVerifyFailed=0 finalVerifySkipped=0 missingState=0 revmErrors=0 pendingReceived=14 pendingFilteredReceived=14 mempoolOpportunitySeen=0 mempoolToSim=0 cuProxyRpcCalls=0
[searcher/live] hint tx=0x576697dcb79713e0078a333aaccfec2c2a1c11436a52c1a5b4da8267c3cedc39 src=mev-share
[searcher/live] 0x576697dc log: addr=0xf78bf0da t0=0xb9c5ff08
[searcher/live] 0x576697dc Transfer: token=0xeeeeeeee from=0x1ab4973a to=0xbc578f6e
[searcher/live] 0x576697dc skip: no matching graph pool
[searcher/live] 0x576697dc end-to-end 4ms
[searcher/live] counters hints=110 impacts=10 opportunities=0 plans=0 solverEntered=0 solverSuccess=0 revmSimSuccess=0 rpcVerifySuccess=0 simSuccess=0 submitAttempts=0 accepted=0 expiredBeforeSolver=0 quoteTimeouts=0 simReverts=0 finalVerifyFailed=0 finalVerifySkipped=0 missingState=0 revmErrors=0 pendingReceived=14 pendingFilteredReceived=14 mempoolOpportunitySeen=0 mempoolToSim=0 cuProxyRpcCalls=0
[searcher/live] hint tx=0x5d8bb7ad6017542524b0abe53d66c55e4cc886e54c82b8ffb1c8a66f19c40b22 src=mev-share
[searcher/live] 0x5d8bb7ad log: addr=0xf78bf0da t0=0xb9c5ff08
[searcher/live] 0x5d8bb7ad Transfer: token=0xdac17f95 from=0x257a5469 to=0xc3072621
[searcher/live] 0x5d8bb7ad token-index hit, trying RPC fetch
[searcher/live] 0x5d8bb7ad skip: tx not available from RPC (private MEV-Share tx)
[searcher/live] 0x5d8bb7ad end-to-end 455ms
[searcher/live] counters hints=111 impacts=10 opportunities=0 plans=0 solverEntered=0 solverSuccess=0 revmSimSuccess=0 rpcVerifySuccess=0 simSuccess=0 submitAttempts=0 accepted=0 expiredBeforeSolver=0 quoteTimeouts=0 simReverts=0 finalVerifyFailed=0 finalVerifySkipped=0 missingState=0 revmErrors=0 pendingReceived=14 pendingFilteredReceived=14 mempoolOpportunitySeen=0 mempoolToSim=0 cuProxyRpcCalls=0
[searcher/live] hint tx=0x7b1784c7d7d3d75d4923ea0829e74edbcc2894be156579cd3f3c705b92f38e08 src=mev-share
[searcher/live] 0x7b1784c7 log: addr=0xf78bf0da t0=0xb9c5ff08
[searcher/live] 0x7b1784c7 Transfer: token=0xa0b86991 from=0x10405552 to=0xa90c6585
[searcher/live] 0x7b1784c7 token-index hit, trying RPC fetch
[searcher/live] 0x7b1784c7 skip: tx not available from RPC (private MEV-Share tx)
[searcher/live] 0x7b1784c7 end-to-end 469ms
[searcher/live] counters hints=112 impacts=10 opportunities=0 plans=0 solverEntered=0 solverSuccess=0 revmSimSuccess=0 rpcVerifySuccess=0 simSuccess=0 submitAttempts=0 accepted=0 expiredBeforeSolver=0 quoteTimeouts=0 simReverts=0 finalVerifyFailed=0 finalVerifySkipped=0 missingState=0 revmErrors=0 pendingReceived=14 pendingFilteredReceived=14 mempoolOpportunitySeen=0 mempoolToSim=0 cuProxyRpcCalls=0
[searcher/live] hint tx=0xfe24139cc5b438c6606d319811a7de37d85385e0f0479245f4332dccbbe25d5a src=mev-share
[searcher/live] 0xfe24139c log: addr=0xf78bf0da t0=0xb9c5ff08
[searcher/live] 0xfe24139c Transfer: token=0xdac17f95 from=0x62b047d3 to=0xaa8ba7d4
[searcher/live] 0xfe24139c token-index hit, trying RPC fetch
[searcher/live] 0xfe24139c skip: tx not available from RPC (private MEV-Share tx)
[searcher/live] 0xfe24139c end-to-end 754ms
[searcher/live] counters hints=113 impacts=10 opportunities=0 plans=0 solverEntered=0 solverSuccess=0 revmSimSuccess=0 rpcVerifySuccess=0 simSuccess=0 submitAttempts=0 accepted=0 expiredBeforeSolver=0 quoteTimeouts=0 simReverts=0 finalVerifyFailed=0 finalVerifySkipped=0 missingState=0 revmErrors=0 pendingReceived=15 pendingFilteredReceived=15 mempoolOpportunitySeen=0 mempoolToSim=0 cuProxyRpcCalls=0
[searcher/live] hint tx=0xf5ab06ecf956f1386d0545fe13c20c944f4b800848bc2eecec1207a8d7cd38b6 src=mempool
[searcher/live] state update block=25423658 reason=block recent=0/24 pinned=8/8 watched=8
[pool-updater] block=25423658 seeded v2=0 v3=3 watched=5/32 tickRefresh=1/1 237ms
[pool-updater] ticks block=25423658 seeded=1 601ms
[searcher/live] 0xf5ab06ec no matching graph pool
[searcher/live] 0xf5ab06ec end-to-end 10688ms
[searcher/live] counters hints=114 impacts=10 opportunities=0 plans=0 solverEntered=0 solverSuccess=0 revmSimSuccess=0 rpcVerifySuccess=0 simSuccess=0 submitAttempts=0 accepted=0 expiredBeforeSolver=0 quoteTimeouts=0 simReverts=0 finalVerifyFailed=0 finalVerifySkipped=0 missingState=0 revmErrors=0 pendingReceived=16 pendingFilteredReceived=15 mempoolOpportunitySeen=0 mempoolToSim=0 cuProxyRpcCalls=0
[searcher/live] hint tx=0x00ed9940554495a2a507ac480c5b893b7f5c880a2899139992690f5422122768 src=mev-share
[searcher/live] 0x00ed9940 log: addr=0xf78bf0da t0=0xb9c5ff08
[searcher/live] 0x00ed9940 Transfer: token=0xdac17f95 from=0x9441c016 to=0xc907d788
[searcher/live] 0x00ed9940 Transfer: token=0xdac17f95 from=0xc907d788 to=0xb3220269
[searcher/live] 0x00ed9940 token-index hit, trying RPC fetch
[searcher/live] 0x00ed9940 skip: tx not available from RPC (private MEV-Share tx)
[searcher/live] 0x00ed9940 end-to-end 465ms
[searcher/live] counters hints=115 impacts=10 opportunities=0 plans=0 solverEntered=0 solverSuccess=0 revmSimSuccess=0 rpcVerifySuccess=0 simSuccess=0 submitAttempts=0 accepted=0 expiredBeforeSolver=0 quoteTimeouts=0 simReverts=0 finalVerifyFailed=0 finalVerifySkipped=0 missingState=0 revmErrors=0 pendingReceived=16 pendingFilteredReceived=15 mempoolOpportunitySeen=0 mempoolToSim=0 cuProxyRpcCalls=0
[searcher/live] hint tx=0xde8fa887fa4417f40f40df3efa11b903667edb32e113bbd77f45237db6ca9156 src=mev-share
[searcher/live] 0xde8fa887 log: addr=0xf78bf0da t0=0xb9c5ff08
[searcher/live] 0xde8fa887 Transfer: token=0x8b1484d5 from=0x9021069c to=0x58edf782
[searcher/live] 0xde8fa887 token-index hit, trying RPC fetch
[searcher/live] 0xde8fa887 skip: tx not available from RPC (private MEV-Share tx)
[searcher/live] 0xde8fa887 end-to-end 751ms
[searcher/live] counters hints=116 impacts=10 opportunities=0 plans=0 solverEntered=0 solverSuccess=0 revmSimSuccess=0 rpcVerifySuccess=0 simSuccess=0 submitAttempts=0 accepted=0 expiredBeforeSolver=0 quoteTimeouts=0 simReverts=0 finalVerifyFailed=0 finalVerifySkipped=0 missingState=0 revmErrors=0 pendingReceived=17 pendingFilteredReceived=16 mempoolOpportunitySeen=0 mempoolToSim=0 cuProxyRpcCalls=0
[searcher/live] hint tx=0x2f1ad191d7919ebd4c5eab3460a936cd7b7e218bcd6def099ecd6fa4d1829344 src=mempool
[searcher/live] state update block=25423659 reason=block recent=0/24 pinned=8/8 watched=8
[searcher/live] 0x2f1ad191 skip: victim apply failed: 0x2f1ad191d7919ebd4c5eab3460a936cd7b7e218bcd6def099ecd6fa4d1829344
[searcher/live] 0x2f1ad191 end-to-end 3007ms
[searcher/live] counters hints=117 impacts=10 opportunities=0 plans=0 solverEntered=0 solverSuccess=0 revmSimSuccess=0 rpcVerifySuccess=0 simSuccess=0 submitAttempts=0 accepted=0 expiredBeforeSolver=0 quoteTimeouts=0 simReverts=0 finalVerifyFailed=0 finalVerifySkipped=0 missingState=0 revmErrors=0 pendingReceived=17 pendingFilteredReceived=16 mempoolOpportunitySeen=0 mempoolToSim=0 cuProxyRpcCalls=0
[searcher/live] hint tx=0xaa1060730d07863c3d9f6cd71523eb10c8d0a16a742a7887978d7772d0a66670 src=mev-share
[searcher/live] 0xaa106073 log: addr=0xf78bf0da t0=0xb9c5ff08
[searcher/live] 0xaa106073 log: addr=0xdac17f95 t0=0x8c5be1e5
[searcher/live] 0xaa106073 skip: no matching graph pool
[searcher/live] 0xaa106073 end-to-end 2ms
[searcher/live] counters hints=118 impacts=10 opportunities=0 plans=0 solverEntered=0 solverSuccess=0 revmSimSuccess=0 rpcVerifySuccess=0 simSuccess=0 submitAttempts=0 accepted=0 expiredBeforeSolver=0 quoteTimeouts=0 simReverts=0 finalVerifyFailed=0 finalVerifySkipped=0 missingState=0 revmErrors=0 pendingReceived=17 pendingFilteredReceived=16 mempoolOpportunitySeen=0 mempoolToSim=0 cuProxyRpcCalls=0
[searcher/live] hint tx=0x054f49d3f89cbdf0325311544b6774fba58a8309fa1055fb8286be58d0ba5b37 src=mev-share
[searcher/live] 0x054f49d3 log: addr=0xf78bf0da t0=0xb9c5ff08
[searcher/live] 0x054f49d3 Transfer: token=0x13239c26 from=0x9b5b99e7 to=0x58edf782
[searcher/live] 0x054f49d3 skip: no matching graph pool
[searcher/live] 0x054f49d3 end-to-end 2ms
[searcher/live] counters hints=119 impacts=10 opportunities=0 plans=0 solverEntered=0 solverSuccess=0 revmSimSuccess=0 rpcVerifySuccess=0 simSuccess=0 submitAttempts=0 accepted=0 expiredBeforeSolver=0 quoteTimeouts=0 simReverts=0 finalVerifyFailed=0 finalVerifySkipped=0 missingState=0 revmErrors=0 pendingReceived=17 pendingFilteredReceived=16 mempoolOpportunitySeen=0 mempoolToSim=0 cuProxyRpcCalls=0
[searcher/live] hint tx=0x0289840668683b8137f54d46b042de639613b738090efa04ada6a55c89087312 src=mev-share
[searcher/live] 0x02898406 log: addr=0xf78bf0da t0=0xb9c5ff08
[searcher/live] 0x02898406 Transfer: token=0x8b1484d5 from=0xc9c48d8e to=0x58edf782
[searcher/live] 0x02898406 token-index hit, trying RPC fetch
[pool-updater] block=25423659 seeded v2=0 v3=3 watched=5/32 tickRefresh=0/0 225ms
[searcher/live] 0x02898406 skip: tx not available from RPC (private MEV-Share tx)
[searcher/live] 0x02898406 end-to-end 1433ms
[searcher/live] counters hints=120 impacts=10 opportunities=0 plans=0 solverEntered=0 solverSuccess=0 revmSimSuccess=0 rpcVerifySuccess=0 simSuccess=0 submitAttempts=0 accepted=0 expiredBeforeSolver=0 quoteTimeouts=0 simReverts=0 finalVerifyFailed=0 finalVerifySkipped=0 missingState=0 revmErrors=0 pendingReceived=17 pendingFilteredReceived=16 mempoolOpportunitySeen=0 mempoolToSim=0 cuProxyRpcCalls=0
[searcher/live] hint tx=0x44060be17b59fa3f5663df2148ea09d7a950de8a463cf086556db7cfa7914cff src=mev-share
[searcher/live] 0x44060be1 log: addr=0xf78bf0da t0=0xb9c5ff08
[searcher/live] 0x44060be1 log: addr=0xdac17f95 t0=0x8c5be1e5
[searcher/live] 0x44060be1 skip: no matching graph pool
[searcher/live] 0x44060be1 end-to-end 2ms
[searcher/live] counters hints=121 impacts=10 opportunities=0 plans=0 solverEntered=0 solverSuccess=0 revmSimSuccess=0 rpcVerifySuccess=0 simSuccess=0 submitAttempts=0 accepted=0 expiredBeforeSolver=0 quoteTimeouts=0 simReverts=0 finalVerifyFailed=0 finalVerifySkipped=0 missingState=0 revmErrors=0 pendingReceived=17 pendingFilteredReceived=16 mempoolOpportunitySeen=0 mempoolToSim=0 cuProxyRpcCalls=0
[searcher/live] hint tx=0x1690a8e29a97b5d74bb39bcacb7319e913f9a65ea92a7893b4a3f7129a810f7b src=mev-share
[searcher/live] 0x1690a8e2 log: addr=0xf78bf0da t0=0xb9c5ff08
[searcher/live] 0x1690a8e2 Transfer: token=0x88888884 from=0x1614ef08 to=0x58edf782
[searcher/live] 0x1690a8e2 skip: no matching graph pool
[searcher/live] 0x1690a8e2 end-to-end 2ms
[searcher/live] counters hints=122 impacts=10 opportunities=0 plans=0 solverEntered=0 solverSuccess=0 revmSimSuccess=0 rpcVerifySuccess=0 simSuccess=0 submitAttempts=0 accepted=0 expiredBeforeSolver=0 quoteTimeouts=0 simReverts=0 finalVerifyFailed=0 finalVerifySkipped=0 missingState=0 revmErrors=0 pendingReceived=17 pendingFilteredReceived=16 mempoolOpportunitySeen=0 mempoolToSim=0 cuProxyRpcCalls=0
[searcher/live] hint tx=0x084a2cee89f193e12a8808aaa6b36f5a66ec915293ea2b971775577ca428259c src=mev-share
[searcher/live] 0x084a2cee log: addr=0xf78bf0da t0=0xb9c5ff08
[searcher/live] 0x084a2cee Transfer: token=0xdac17f95 from=0x2e825c14 to=0x1ab4973a
[searcher/live] 0x084a2cee token-index hit, trying RPC fetch
[searcher/live] 0x084a2cee skip: tx not available from RPC (private MEV-Share tx)
[searcher/live] 0x084a2cee end-to-end 464ms
[searcher/live] counters hints=123 impacts=10 opportunities=0 plans=0 solverEntered=0 solverSuccess=0 revmSimSuccess=0 rpcVerifySuccess=0 simSuccess=0 submitAttempts=0 accepted=0 expiredBeforeSolver=0 quoteTimeouts=0 simReverts=0 finalVerifyFailed=0 finalVerifySkipped=0 missingState=0 revmErrors=0 pendingReceived=17 pendingFilteredReceived=16 mempoolOpportunitySeen=0 mempoolToSim=0 cuProxyRpcCalls=0
[searcher/live] hint tx=0x09980ee15b726d787a5d2fd1d4d5a58797a9cc045eb88604e30691330a8b9a91 src=mev-share
[searcher/live] 0x09980ee1 log: addr=0xf78bf0da t0=0xb9c5ff08
[searcher/live] 0x09980ee1 Transfer: token=0xdac17f95 from=0xb685760e to=0xb33d03e0
[searcher/live] 0x09980ee1 log: addr=0xb685760e t0=0x7bf08731
[searcher/live] 0x09980ee1 token-index hit, trying RPC fetch
[searcher/live] 0x09980ee1 skip: tx not available from RPC (private MEV-Share tx)
[searcher/live] 0x09980ee1 end-to-end 474ms
[searcher/live] counters hints=124 impacts=10 opportunities=0 plans=0 solverEntered=0 solverSuccess=0 revmSimSuccess=0 rpcVerifySuccess=0 simSuccess=0 submitAttempts=0 accepted=0 expiredBeforeSolver=0 quoteTimeouts=0 simReverts=0 finalVerifyFailed=0 finalVerifySkipped=0 missingState=0 revmErrors=0 pendingReceived=17 pendingFilteredReceived=16 mempoolOpportunitySeen=0 mempoolToSim=0 cuProxyRpcCalls=0
[searcher/live] hint tx=0x8a09a138d5ae1472a29bbf27428b04dde27cd34379dbc37677e6a895d2c94bb3 src=mev-share
[searcher/live] 0x8a09a138 hint has 11 logs (batch)
[searcher/live] 0x8a09a138 skip: no matching graph pool
[searcher/live] 0x8a09a138 end-to-end 2ms
[searcher/live] counters hints=125 impacts=10 opportunities=0 plans=0 solverEntered=0 solverSuccess=0 revmSimSuccess=0 rpcVerifySuccess=0 simSuccess=0 submitAttempts=0 accepted=0 expiredBeforeSolver=0 quoteTimeouts=0 simReverts=0 finalVerifyFailed=0 finalVerifySkipped=0 missingState=0 revmErrors=0 pendingReceived=17 pendingFilteredReceived=16 mempoolOpportunitySeen=0 mempoolToSim=0 cuProxyRpcCalls=0
[searcher/live] hint tx=0x3b3e8e9c62bed8473f50dfe9f9c9360d2ee6b4d1ce2107b79c3c66e29003576c src=mev-share
[searcher/live] 0x3b3e8e9c log: addr=0xf78bf0da t0=0xb9c5ff08
[searcher/live] 0x3b3e8e9c Transfer: token=0xdac17f95 from=0xb7955ee6 to=0x0c45ddc9
[searcher/live] 0x3b3e8e9c token-index hit, trying RPC fetch
[searcher/live] 0x3b3e8e9c skip: tx not available from RPC (private MEV-Share tx)
[searcher/live] 0x3b3e8e9c end-to-end 456ms
[searcher/live] counters hints=126 impacts=10 opportunities=0 plans=0 solverEntered=0 solverSuccess=0 revmSimSuccess=0 rpcVerifySuccess=0 simSuccess=0 submitAttempts=0 accepted=0 expiredBeforeSolver=0 quoteTimeouts=0 simReverts=0 finalVerifyFailed=0 finalVerifySkipped=0 missingState=0 revmErrors=0 pendingReceived=17 pendingFilteredReceived=16 mempoolOpportunitySeen=0 mempoolToSim=0 cuProxyRpcCalls=0
[searcher/live] hint tx=0x999965b53553f979fa8c6bb6d31de8b727f799ada70c235b784da0e39ca2c006 src=mev-share
[searcher/live] 0x999965b5 log: addr=0xf78bf0da t0=0xb9c5ff08
[searcher/live] 0x999965b5 Transfer: token=0x2798b1cc from=0x0d070796 to=0xd4c68080
[searcher/live] 0x999965b5 token-index hit, trying RPC fetch
[searcher/live] 0x999965b5 skip: tx not available from RPC (private MEV-Share tx)
[searcher/live] 0x999965b5 end-to-end 465ms
[searcher/live] counters hints=127 impacts=10 opportunities=0 plans=0 solverEntered=0 solverSuccess=0 revmSimSuccess=0 rpcVerifySuccess=0 simSuccess=0 submitAttempts=0 accepted=0 expiredBeforeSolver=0 quoteTimeouts=0 simReverts=0 finalVerifyFailed=0 finalVerifySkipped=0 missingState=0 revmErrors=0 pendingReceived=17 pendingFilteredReceived=16 mempoolOpportunitySeen=0 mempoolToSim=0 cuProxyRpcCalls=0
[searcher/live] hint tx=0x85290d0c61c560e6d97b8c3b05b91deb15845ac95b1458637687dadab600e3b7 src=mev-share
[searcher/live] 0x85290d0c log: addr=0xf78bf0da t0=0xb9c5ff08
[searcher/live] 0x85290d0c Transfer: token=0xdac17f95 from=0x2f4aac35 to=0xa63fc5b0
[searcher/live] 0x85290d0c token-index hit, trying RPC fetch
[searcher/live] 0x85290d0c skip: tx not available from RPC (private MEV-Share tx)
[searcher/live] 0x85290d0c end-to-end 478ms
[searcher/live] counters hints=128 impacts=10 opportunities=0 plans=0 solverEntered=0 solverSuccess=0 revmSimSuccess=0 rpcVerifySuccess=0 simSuccess=0 submitAttempts=0 accepted=0 expiredBeforeSolver=0 quoteTimeouts=0 simReverts=0 finalVerifyFailed=0 finalVerifySkipped=0 missingState=0 revmErrors=0 pendingReceived=17 pendingFilteredReceived=16 mempoolOpportunitySeen=0 mempoolToSim=0 cuProxyRpcCalls=0
[searcher/live] hint tx=0xdce291ad211f5bd3f54d643b5598fa656757056b610db28848d1df2bfc730e56 src=mev-share
[searcher/live] 0xdce291ad log: addr=0xf78bf0da t0=0xb9c5ff08
[searcher/live] 0xdce291ad Transfer: token=0xeeeeeeee from=0xa8c2d03e to=0x4404f5cf
[searcher/live] 0xdce291ad skip: no matching graph pool
[searcher/live] 0xdce291ad end-to-end 2ms
[searcher/live] counters hints=129 impacts=10 opportunities=0 plans=0 solverEntered=0 solverSuccess=0 revmSimSuccess=0 rpcVerifySuccess=0 simSuccess=0 submitAttempts=0 accepted=0 expiredBeforeSolver=0 quoteTimeouts=0 simReverts=0 finalVerifyFailed=0 finalVerifySkipped=0 missingState=0 revmErrors=0 pendingReceived=17 pendingFilteredReceived=16 mempoolOpportunitySeen=0 mempoolToSim=0 cuProxyRpcCalls=0
[searcher/live] hint tx=0x3f950e16dc532bebed1ed08c851b434bfd20cb36065c8c8072843c4308e28e25 src=mev-share
[searcher/live] 0x3f950e16 Transfer: token=0xc02aaa39 from=0xacdb27b2 to=0x278d858f
[searcher/live] 0x3f950e16 Transfer: token=0xdac17f95 from=0x278d858f to=0xacdb27b2
[searcher/live] 0x3f950e16 log: addr=0xacdb27b2 t0=0x19b47279
[searcher/live] 0x3f950e16 token-index hit, trying RPC fetch
[searcher/live] 0x3f950e16 skip: tx not available from RPC (private MEV-Share tx)
[searcher/live] 0x3f950e16 end-to-end 465ms
[searcher/live] counters hints=130 impacts=10 opportunities=0 plans=0 solverEntered=0 solverSuccess=0 revmSimSuccess=0 rpcVerifySuccess=0 simSuccess=0 submitAttempts=0 accepted=0 expiredBeforeSolver=0 quoteTimeouts=0 simReverts=0 finalVerifyFailed=0 finalVerifySkipped=0 missingState=0 revmErrors=0 pendingReceived=17 pendingFilteredReceived=16 mempoolOpportunitySeen=0 mempoolToSim=0 cuProxyRpcCalls=0
[searcher/live] hint tx=0xd3fc6c82cc852d7efe53365a8271ab60d4e9c921260750c562e5980f7b577a61 src=mev-share
[searcher/live] 0xd3fc6c82 Transfer: token=0xeeeeeeee from=0x91a0a304 to=0xac737a00
[searcher/live] 0xd3fc6c82 Transfer: token=0xc02aaa39 from=0xacdb27b2 to=0x278d858f
[searcher/live] 0xd3fc6c82 Transfer: token=0xdac17f95 from=0x278d858f to=0xacdb27b2
[searcher/live] 0xd3fc6c82 log: addr=0xacdb27b2 t0=0x19b47279
[searcher/live] 0xd3fc6c82 token-index hit, trying RPC fetch
[searcher/live] 0xd3fc6c82 skip: tx not available from RPC (private MEV-Share tx)
[searcher/live] 0xd3fc6c82 end-to-end 471ms
[searcher/live] counters hints=131 impacts=10 opportunities=0 plans=0 solverEntered=0 solverSuccess=0 revmSimSuccess=0 rpcVerifySuccess=0 simSuccess=0 submitAttempts=0 accepted=0 expiredBeforeSolver=0 quoteTimeouts=0 simReverts=0 finalVerifyFailed=0 finalVerifySkipped=0 missingState=0 revmErrors=0 pendingReceived=17 pendingFilteredReceived=16 mempoolOpportunitySeen=0 mempoolToSim=0 cuProxyRpcCalls=0
[searcher/live] hint tx=0x45e353ed3de9354a1f5b35b9b39111876341a2209c00c16980c3192a06b44b71 src=mev-share
[searcher/live] 0x45e353ed log: addr=0xf78bf0da t0=0xb9c5ff08
[searcher/live] 0x45e353ed Transfer: token=0xc02aaa39 from=0xacdb27b2 to=0x278d858f
[searcher/live] 0x45e353ed Transfer: token=0xdac17f95 from=0x278d858f to=0xacdb27b2
[searcher/live] 0x45e353ed log: addr=0xacdb27b2 t0=0x19b47279
[searcher/live] 0x45e353ed token-index hit, trying RPC fetch
[searcher/live] 0x45e353ed skip: tx not available from RPC (private MEV-Share tx)
[searcher/live] 0x45e353ed end-to-end 446ms
[searcher/live] counters hints=133 impacts=10 opportunities=0 plans=0 solverEntered=0 solverSuccess=0 revmSimSuccess=0 rpcVerifySuccess=0 simSuccess=0 submitAttempts=0 accepted=0 expiredBeforeSolver=0 quoteTimeouts=0 simReverts=0 finalVerifyFailed=0 finalVerifySkipped=0 missingState=0 revmErrors=0 pendingReceived=17 pendingFilteredReceived=16 mempoolOpportunitySeen=0 mempoolToSim=0 cuProxyRpcCalls=0
[searcher/live] hint tx=0xa0adeef93ac976bafe847f9b1cdad0059387b406b5d4e3861c8ca213afb777c1 src=mev-share
[searcher/live] 0xa0adeef9 log: addr=0xf78bf0da t0=0xb9c5ff08
[searcher/live] 0xa0adeef9 Transfer: token=0x62d0a845 from=0x2adcda6b to=0xbcdd3a9b
[searcher/live] 0xa0adeef9 log: addr=0x62d0a845 t0=0x8c5be1e5
[searcher/live] 0xa0adeef9 skip: no matching graph pool
[searcher/live] 0xa0adeef9 end-to-end 3ms
[searcher/live] counters hints=134 impacts=10 opportunities=0 plans=0 solverEntered=0 solverSuccess=0 revmSimSuccess=0 rpcVerifySuccess=0 simSuccess=0 submitAttempts=0 accepted=0 expiredBeforeSolver=0 quoteTimeouts=0 simReverts=0 finalVerifyFailed=0 finalVerifySkipped=0 missingState=0 revmErrors=0 pendingReceived=17 pendingFilteredReceived=16 mempoolOpportunitySeen=0 mempoolToSim=0 cuProxyRpcCalls=0
[searcher/live] hint tx=0xe771b5f75a9d1fcff18bf5a4e13d31317b19d6b9cc03302ef79bf78ab4665f1e src=mev-share
[searcher/live] 0xe771b5f7 log: addr=0xf78bf0da t0=0xb9c5ff08
[searcher/live] 0xe771b5f7 Transfer: token=0xdac17f95 from=0x2f1f7fc7 to=0xf42952ef
[searcher/live] 0xe771b5f7 token-index hit, trying RPC fetch
[searcher/live] 0xe771b5f7 skip: tx not available from RPC (private MEV-Share tx)
[searcher/live] 0xe771b5f7 end-to-end 474ms
[searcher/live] counters hints=135 impacts=10 opportunities=0 plans=0 solverEntered=0 solverSuccess=0 revmSimSuccess=0 rpcVerifySuccess=0 simSuccess=0 submitAttempts=0 accepted=0 expiredBeforeSolver=0 quoteTimeouts=0 simReverts=0 finalVerifyFailed=0 finalVerifySkipped=0 missingState=0 revmErrors=0 pendingReceived=17 pendingFilteredReceived=16 mempoolOpportunitySeen=0 mempoolToSim=0 cuProxyRpcCalls=0
[searcher/live] hint tx=0xe0ed1366af19a728a4539ed09e335317992c669c9b56011d8a2aaf6647b8059c src=mev-share
[searcher/live] 0xe0ed1366 log: addr=0xf78bf0da t0=0xb9c5ff08
[searcher/live] 0xe0ed1366 skip: no matching graph pool
[searcher/live] 0xe0ed1366 end-to-end 2ms
[searcher/live] counters hints=136 impacts=10 opportunities=0 plans=0 solverEntered=0 solverSuccess=0 revmSimSuccess=0 rpcVerifySuccess=0 simSuccess=0 submitAttempts=0 accepted=0 expiredBeforeSolver=0 quoteTimeouts=0 simReverts=0 finalVerifyFailed=0 finalVerifySkipped=0 missingState=0 revmErrors=0 pendingReceived=17 pendingFilteredReceived=16 mempoolOpportunitySeen=0 mempoolToSim=0 cuProxyRpcCalls=0
[searcher/live] hint tx=0xec776e80a7dd938c0baa1877ce308859b7fe515a1e6d73718566ec5f9abb9cc2 src=mev-share
[searcher/live] 0xec776e80 log: addr=0xf78bf0da t0=0xb9c5ff08
[searcher/live] 0xec776e80 Transfer: token=0xdac17f95 from=0x8f85ea4a to=0xe37b1538
[searcher/live] 0xec776e80 token-index hit, trying RPC fetch
[searcher/live] 0xec776e80 skip: tx not available from RPC (private MEV-Share tx)
[searcher/live] 0xec776e80 end-to-end 739ms
[searcher/live] counters hints=137 impacts=10 opportunities=0 plans=0 solverEntered=0 solverSuccess=0 revmSimSuccess=0 rpcVerifySuccess=0 simSuccess=0 submitAttempts=0 accepted=0 expiredBeforeSolver=0 quoteTimeouts=0 simReverts=0 finalVerifyFailed=0 finalVerifySkipped=0 missingState=0 revmErrors=0 pendingReceived=17 pendingFilteredReceived=16 mempoolOpportunitySeen=0 mempoolToSim=0 cuProxyRpcCalls=0
[searcher/live] hint tx=0xe657fa977e5e84429448c556d2cfadb911706b4f1955e38e905830ec58e560ec src=mev-share
[searcher/live] 0xe657fa97 log: addr=0xf78bf0da t0=0xb9c5ff08
[searcher/live] 0xe657fa97 Transfer: token=0xdac17f95 from=0xac43bc0f to=0xdac5cc4e
[searcher/live] 0xe657fa97 token-index hit, trying RPC fetch
[searcher/live] 0xe657fa97 skip: tx not available from RPC (private MEV-Share tx)
[searcher/live] 0xe657fa97 end-to-end 459ms
[searcher/live] counters hints=138 impacts=10 opportunities=0 plans=0 solverEntered=0 solverSuccess=0 revmSimSuccess=0 rpcVerifySuccess=0 simSuccess=0 submitAttempts=0 accepted=0 expiredBeforeSolver=0 quoteTimeouts=0 simReverts=0 finalVerifyFailed=0 finalVerifySkipped=0 missingState=0 revmErrors=0 pendingReceived=17 pendingFilteredReceived=16 mempoolOpportunitySeen=0 mempoolToSim=0 cuProxyRpcCalls=0
[searcher/live] hint tx=0x81eb440f873c385316ed7c3afc7904f940b2eebfe15dd0c1e85bc9cf8edbfca5 src=mev-share
[searcher/live] 0x81eb440f Transfer: token=0xeeeeeeee from=0x91a0a304 to=0xac737a00
[searcher/live] 0x81eb440f log: addr=0x00000000 t0=0x40e9cecb
[searcher/live] 0x81eb440f Transfer: token=0x743a8697 from=0x42b4a6a5 to=0x00000000
[searcher/live] 0x81eb440f log: addr=0x743a8697 t0=0x8c5be1e5
[searcher/live] 0x81eb440f Transfer: token=0xeeeeeeee from=0x00000000 to=0x42b4a6a5
[searcher/live] 0x81eb440f skip: no matching graph pool
[searcher/live] 0x81eb440f end-to-end 3ms
[searcher/live] counters hints=139 impacts=10 opportunities=0 plans=0 solverEntered=0 solverSuccess=0 revmSimSuccess=0 rpcVerifySuccess=0 simSuccess=0 submitAttempts=0 accepted=0 expiredBeforeSolver=0 quoteTimeouts=0 simReverts=0 finalVerifyFailed=0 finalVerifySkipped=0 missingState=0 revmErrors=0 pendingReceived=17 pendingFilteredReceived=16 mempoolOpportunitySeen=0 mempoolToSim=0 cuProxyRpcCalls=0
[searcher/live] hint tx=0x25c829380c11437feba11644428ae65a3ed4abec09ab5540981001daa8be37f8 src=mev-share
[searcher/live] 0x25c82938 Transfer: token=0xeeeeeeee from=0x91a0a304 to=0xac737a00
[searcher/live] 0x25c82938 Transfer: token=0xc02aaa39 from=0x278d858f to=0x8867f20c
[searcher/live] 0x25c82938 Transfer: token=0x6c5ba916 from=0x8867f20c to=0x278d858f
[searcher/live] 0x25c82938 log: addr=0x8867f20c t0=0x1c411e9a
[searcher/live] 0x25c82938 log: addr=0x8867f20c t0=0xd78ad95f
[pool-impact] swap-only decoded: pool=0x8867f20c 0xC02aaA39→0x6c5bA916 amt=43017491500786828
[searcher/live] 0x25c82938 skip: hash-only hint (no rawTx); set SEARCHER_ENABLE_HASH_ONLY=1 to enable
[searcher/live] 0x25c82938 end-to-end 1ms
[searcher/live] counters hints=142 impacts=11 opportunities=0 plans=0 solverEntered=0 solverSuccess=0 revmSimSuccess=0 rpcVerifySuccess=0 simSuccess=0 submitAttempts=0 accepted=0 expiredBeforeSolver=0 quoteTimeouts=0 simReverts=0 finalVerifyFailed=0 finalVerifySkipped=0 missingState=0 revmErrors=0 pendingReceived=17 pendingFilteredReceived=16 mempoolOpportunitySeen=0 mempoolToSim=0 cuProxyRpcCalls=0
[searcher/live] hint tx=0xe8436f2973c93cb65174402d3da435fd5622242280ef367b83d647c5cf66c736 src=mev-share
[searcher/live] 0xe8436f29 log: addr=0xf78bf0da t0=0xb9c5ff08
[searcher/live] 0xe8436f29 Transfer: token=0xa0b86991 from=0x4b0f1146 to=0x088f77b8
[searcher/live] 0xe8436f29 token-index hit, trying RPC fetch
[searcher/live] 0xe8436f29 skip: tx not available from RPC (private MEV-Share tx)
[searcher/live] 0xe8436f29 end-to-end 467ms
[searcher/live] counters hints=143 impacts=11 opportunities=0 plans=0 solverEntered=0 solverSuccess=0 revmSimSuccess=0 rpcVerifySuccess=0 simSuccess=0 submitAttempts=0 accepted=0 expiredBeforeSolver=0 quoteTimeouts=0 simReverts=0 finalVerifyFailed=0 finalVerifySkipped=0 missingState=0 revmErrors=0 pendingReceived=17 pendingFilteredReceived=16 mempoolOpportunitySeen=0 mempoolToSim=0 cuProxyRpcCalls=0
[searcher/live] hint tx=0x7ed9f738682ac96554c0807e580b8458bdad117f337d806d1158cd4e9285cfad src=mev-share
[searcher/live] 0x7ed9f738 log: addr=0xf78bf0da t0=0xb9c5ff08
[searcher/live] 0x7ed9f738 Transfer: token=0xdac17f95 from=0x3bd1a88f to=0x78dff89b
[searcher/live] 0x7ed9f738 token-index hit, trying RPC fetch
[searcher/live] 0x7ed9f738 skip: tx not available from RPC (private MEV-Share tx)
[searcher/live] 0x7ed9f738 end-to-end 472ms
[searcher/live] counters hints=144 impacts=11 opportunities=0 plans=0 solverEntered=0 solverSuccess=0 revmSimSuccess=0 rpcVerifySuccess=0 simSuccess=0 submitAttempts=0 accepted=0 expiredBeforeSolver=0 quoteTimeouts=0 simReverts=0 finalVerifyFailed=0 finalVerifySkipped=0 missingState=0 revmErrors=0 pendingReceived=17 pendingFilteredReceived=16 mempoolOpportunitySeen=0 mempoolToSim=0 cuProxyRpcCalls=0
[searcher/live] hint tx=0xdfb2596a1bfcd5fb5674d08958bb8c638d899834dc28fbc79c1ff2874728757f src=mev-share
[searcher/live] 0xdfb2596a log: addr=0xf78bf0da t0=0xb9c5ff08
[searcher/live] 0xdfb2596a Transfer: token=0xc011a73e from=0x794cb958 to=0x14e51143
[searcher/live] 0xdfb2596a skip: no matching graph pool
[searcher/live] 0xdfb2596a end-to-end 4ms
[searcher/live] counters hints=145 impacts=11 opportunities=0 plans=0 solverEntered=0 solverSuccess=0 revmSimSuccess=0 rpcVerifySuccess=0 simSuccess=0 submitAttempts=0 accepted=0 expiredBeforeSolver=0 quoteTimeouts=0 simReverts=0 finalVerifyFailed=0 finalVerifySkipped=0 missingState=0 revmErrors=0 pendingReceived=17 pendingFilteredReceived=16 mempoolOpportunitySeen=0 mempoolToSim=0 cuProxyRpcCalls=0
[searcher/live] hint tx=0x42758be9f09dfc0b43e0b6372b2685c1224a21e303979c3047c414522f1c1ffc src=mev-share
[searcher/live] 0x42758be9 log: addr=0xf78bf0da t0=0xb9c5ff08
[searcher/live] 0x42758be9 Transfer: token=0x8457ca50 from=0xc9494e8f to=0xeb79b78e
[searcher/live] 0x42758be9 skip: no matching graph pool
[searcher/live] 0x42758be9 end-to-end 2ms
[searcher/live] counters hints=146 impacts=11 opportunities=0 plans=0 solverEntered=0 solverSuccess=0 revmSimSuccess=0 rpcVerifySuccess=0 simSuccess=0 submitAttempts=0 accepted=0 expiredBeforeSolver=0 quoteTimeouts=0 simReverts=0 finalVerifyFailed=0 finalVerifySkipped=0 missingState=0 revmErrors=0 pendingReceived=17 pendingFilteredReceived=16 mempoolOpportunitySeen=0 mempoolToSim=0 cuProxyRpcCalls=0
[searcher/live] hint tx=0x15815ab23268576991ee4727bf3bda213cfb2dc6a87bf86de8ae4b643ca377f9 src=mev-share
[searcher/live] 0x15815ab2 Transfer: token=0xeeeeeeee from=0x91a0a304 to=0xac737a00
[searcher/live] 0x15815ab2 log: addr=0x00000000 t0=0x40e9cecb
[searcher/live] 0x15815ab2 Transfer: token=0xae53d5bd from=0xc9104b66 to=0x00000000
[searcher/live] 0x15815ab2 log: addr=0xae53d5bd t0=0x8c5be1e5
[searcher/live] 0x15815ab2 Transfer: token=0xeeeeeeee from=0x00000000 to=0xc9104b66
[searcher/live] 0x15815ab2 skip: no matching graph pool
[searcher/live] 0x15815ab2 end-to-end 2ms
[searcher/live] counters hints=147 impacts=11 opportunities=0 plans=0 solverEntered=0 solverSuccess=0 revmSimSuccess=0 rpcVerifySuccess=0 simSuccess=0 submitAttempts=0 accepted=0 expiredBeforeSolver=0 quoteTimeouts=0 simReverts=0 finalVerifyFailed=0 finalVerifySkipped=0 missingState=0 revmErrors=0 pendingReceived=17 pendingFilteredReceived=16 mempoolOpportunitySeen=0 mempoolToSim=0 cuProxyRpcCalls=0
[searcher/live] hint tx=0xdc13de20c27414c5963419c04d377c8f560d211dc4cfddf00d52454976419adb src=mev-share
[searcher/live] 0xdc13de20 Transfer: token=0xa0b86991 from=0x41a561b9 to=0x278d858f
[searcher/live] 0xdc13de20 Transfer: token=0x8b1484d5 from=0x278d858f to=0x41a561b9
[searcher/live] 0xdc13de20 log: addr=0x41a561b9 t0=0xc42079f9
[searcher/live] 0xdc13de20 skip: hash-only hint (no rawTx); set SEARCHER_ENABLE_HASH_ONLY=1 to enable
[searcher/live] 0xdc13de20 end-to-end 1ms
[searcher/live] counters hints=149 impacts=12 opportunities=0 plans=0 solverEntered=0 solverSuccess=0 revmSimSuccess=0 rpcVerifySuccess=0 simSuccess=0 submitAttempts=0 accepted=0 expiredBeforeSolver=0 quoteTimeouts=0 simReverts=0 finalVerifyFailed=0 finalVerifySkipped=0 missingState=0 revmErrors=0 pendingReceived=17 pendingFilteredReceived=16 mempoolOpportunitySeen=0 mempoolToSim=0 cuProxyRpcCalls=0
[searcher/live] hint tx=0x73ee69d714c833e2a7332da091c1e7536867d52687894b2ff80d3ed3da9b660b src=mev-share
[searcher/live] 0x73ee69d7 Transfer: token=0xeeeeeeee from=0x91a0a304 to=0xac737a00
[searcher/live] 0x73ee69d7 Transfer: token=0xa0b86991 from=0x41a561b9 to=0x278d858f
[searcher/live] 0x73ee69d7 Transfer: token=0x8b1484d5 from=0x278d858f to=0x41a561b9
[searcher/live] 0x73ee69d7 log: addr=0x41a561b9 t0=0xc42079f9
[searcher/live] 0x73ee69d7 skip: hash-only hint (no rawTx); set SEARCHER_ENABLE_HASH_ONLY=1 to enable
[searcher/live] 0x73ee69d7 end-to-end 2ms
[searcher/live] counters hints=150 impacts=13 opportunities=0 plans=0 solverEntered=0 solverSuccess=0 revmSimSuccess=0 rpcVerifySuccess=0 simSuccess=0 submitAttempts=0 accepted=0 expiredBeforeSolver=0 quoteTimeouts=0 simReverts=0 finalVerifyFailed=0 finalVerifySkipped=0 missingState=0 revmErrors=0 pendingReceived=17 pendingFilteredReceived=16 mempoolOpportunitySeen=0 mempoolToSim=0 cuProxyRpcCalls=0
[searcher/live] hint tx=0x43657fd871b2ed3a847d6556e8266e8df840740ce2880830c525c7b7ff892cf9 src=mev-share
[searcher/live] 0x43657fd8 log: addr=0xf78bf0da t0=0xb9c5ff08
[searcher/live] 0x43657fd8 Transfer: token=0xeeeeeeee from=0xc56609d9 to=0x80ae885d
[searcher/live] 0x43657fd8 skip: no matching graph pool
[searcher/live] 0x43657fd8 end-to-end 1ms
[searcher/live] counters hints=154 impacts=13 opportunities=0 plans=0 solverEntered=0 solverSuccess=0 revmSimSuccess=0 rpcVerifySuccess=0 simSuccess=0 submitAttempts=0 accepted=0 expiredBeforeSolver=0 quoteTimeouts=0 simReverts=0 finalVerifyFailed=0 finalVerifySkipped=0 missingState=0 revmErrors=0 pendingReceived=17 pendingFilteredReceived=16 mempoolOpportunitySeen=0 mempoolToSim=0 cuProxyRpcCalls=0
[searcher/live] hint tx=0x3808c37e787318187e5a695161f86675e45053fea54853f251de413476ff6e62 src=mev-share
[searcher/live] 0x3808c37e skip: no matching graph pool
[searcher/live] 0x3808c37e end-to-end 2ms
[searcher/live] counters hints=155 impacts=13 opportunities=0 plans=0 solverEntered=0 solverSuccess=0 revmSimSuccess=0 rpcVerifySuccess=0 simSuccess=0 submitAttempts=0 accepted=0 expiredBeforeSolver=0 quoteTimeouts=0 simReverts=0 finalVerifyFailed=0 finalVerifySkipped=0 missingState=0 revmErrors=0 pendingReceived=17 pendingFilteredReceived=16 mempoolOpportunitySeen=0 mempoolToSim=0 cuProxyRpcCalls=0
[searcher/live] hint tx=0x3d8c3ce16fca14c04e6a6e868d4acc99036b3068c8be20cf30a255018d49d2a7 src=mev-share
[searcher/live] 0x3d8c3ce1 skip: no matching graph pool
[searcher/live] 0x3d8c3ce1 end-to-end 1ms
[searcher/live] counters hints=156 impacts=13 opportunities=0 plans=0 solverEntered=0 solverSuccess=0 revmSimSuccess=0 rpcVerifySuccess=0 simSuccess=0 submitAttempts=0 accepted=0 expiredBeforeSolver=0 quoteTimeouts=0 simReverts=0 finalVerifyFailed=0 finalVerifySkipped=0 missingState=0 revmErrors=0 pendingReceived=17 pendingFilteredReceived=16 mempoolOpportunitySeen=0 mempoolToSim=0 cuProxyRpcCalls=0
[searcher/live] hint tx=0xd0be0ab41a95c182166a176e7b170f531bc8670f3ce6d2a60744cff7ed1124fe src=mev-share
[searcher/live] 0xd0be0ab4 Transfer: token=0xeeeeeeee from=0x91a0a304 to=0xac737a00
[searcher/live] 0xd0be0ab4 Transfer: token=0xc02aaa39 from=0x854d6051 to=0x278d858f
[searcher/live] 0xd0be0ab4 Transfer: token=0x8b1484d5 from=0x278d858f to=0x854d6051
[searcher/live] 0xd0be0ab4 log: addr=0x854d6051 t0=0xc42079f9
[pool-impact] swap-only decoded: pool=0x854d6051 0x8B1484d5→0xC02aaA39 amt=10967244097200700000
[searcher/live] 0xd0be0ab4 skip: hash-only hint (no rawTx); set SEARCHER_ENABLE_HASH_ONLY=1 to enable
[searcher/live] 0xd0be0ab4 end-to-end 2ms
[searcher/live] counters hints=158 impacts=14 opportunities=0 plans=0 solverEntered=0 solverSuccess=0 revmSimSuccess=0 rpcVerifySuccess=0 simSuccess=0 submitAttempts=0 accepted=0 expiredBeforeSolver=0 quoteTimeouts=0 simReverts=0 finalVerifyFailed=0 finalVerifySkipped=0 missingState=0 revmErrors=0 pendingReceived=17 pendingFilteredReceived=16 mempoolOpportunitySeen=0 mempoolToSim=0 cuProxyRpcCalls=0
[searcher/live] hint tx=0x504fe16cdc13f9702b4cd89cccdf301c26064dd3b80ca3964b8b63c756ff5280 src=mev-share
[searcher/live] 0x504fe16c skip: no matching graph pool
[searcher/live] 0x504fe16c end-to-end 1ms
[searcher/live] counters hints=159 impacts=14 opportunities=0 plans=0 solverEntered=0 solverSuccess=0 revmSimSuccess=0 rpcVerifySuccess=0 simSuccess=0 submitAttempts=0 accepted=0 expiredBeforeSolver=0 quoteTimeouts=0 simReverts=0 finalVerifyFailed=0 finalVerifySkipped=0 missingState=0 revmErrors=0 pendingReceived=17 pendingFilteredReceived=16 mempoolOpportunitySeen=0 mempoolToSim=0 cuProxyRpcCalls=0
[searcher/live] hint tx=0x52cddc9a5a2167be6bb9d3ae271cbe4c907434944e4c679d4a81271c65ae6010 src=mev-share
[searcher/live] 0x52cddc9a skip: no matching graph pool
[searcher/live] 0x52cddc9a end-to-end 2ms
[searcher/live] counters hints=161 impacts=14 opportunities=0 plans=0 solverEntered=0 solverSuccess=0 revmSimSuccess=0 rpcVerifySuccess=0 simSuccess=0 submitAttempts=0 accepted=0 expiredBeforeSolver=0 quoteTimeouts=0 simReverts=0 finalVerifyFailed=0 finalVerifySkipped=0 missingState=0 revmErrors=0 pendingReceived=17 pendingFilteredReceived=16 mempoolOpportunitySeen=0 mempoolToSim=0 cuProxyRpcCalls=0
[searcher/live] hint tx=0x9d2e552ea19e88dbbf018dac1d53340be12f3dac3dc70b7babca6cd77ca7dd5d src=mev-share
[searcher/live] 0x9d2e552e log: addr=0xf78bf0da t0=0xb9c5ff08
[searcher/live] 0x9d2e552e Transfer: token=0xeeeeeeee from=0x458c2a06 to=0xcaa0134f
[searcher/live] 0x9d2e552e skip: no matching graph pool
[searcher/live] 0x9d2e552e end-to-end 1ms
[searcher/live] counters hints=163 impacts=14 opportunities=0 plans=0 solverEntered=0 solverSuccess=0 revmSimSuccess=0 rpcVerifySuccess=0 simSuccess=0 submitAttempts=0 accepted=0 expiredBeforeSolver=0 quoteTimeouts=0 simReverts=0 finalVerifyFailed=0 finalVerifySkipped=0 missingState=0 revmErrors=0 pendingReceived=17 pendingFilteredReceived=16 mempoolOpportunitySeen=0 mempoolToSim=0 cuProxyRpcCalls=0
[searcher/live] hint tx=0x30f6868749d12224fbf46e69d076774f1a6a0db49fce46861ab12900625e04f9 src=mev-share
[searcher/live] 0x30f68687 log: addr=0x88e6a0c2 t0=0xc42079f9
[searcher/live] 0x30f68687 skip: no matching graph pool
[searcher/live] 0x30f68687 end-to-end 1ms
[searcher/live] counters hints=164 impacts=14 opportunities=0 plans=0 solverEntered=0 solverSuccess=0 revmSimSuccess=0 rpcVerifySuccess=0 simSuccess=0 submitAttempts=0 accepted=0 expiredBeforeSolver=0 quoteTimeouts=0 simReverts=0 finalVerifyFailed=0 finalVerifySkipped=0 missingState=0 revmErrors=0 pendingReceived=17 pendingFilteredReceived=16 mempoolOpportunitySeen=0 mempoolToSim=0 cuProxyRpcCalls=0
[searcher/live] hint tx=0x29cbc48eb847b6435f3ee98303d92cc42fd13099518dc9fbbf2922f416a57b4a src=mev-share
[searcher/live] 0x29cbc48e log: addr=0x88e6a0c2 t0=0xc42079f9
[searcher/live] 0x29cbc48e skip: no matching graph pool
[searcher/live] 0x29cbc48e end-to-end 1ms
[searcher/live] counters hints=165 impacts=14 opportunities=0 plans=0 solverEntered=0 solverSuccess=0 revmSimSuccess=0 rpcVerifySuccess=0 simSuccess=0 submitAttempts=0 accepted=0 expiredBeforeSolver=0 quoteTimeouts=0 simReverts=0 finalVerifyFailed=0 finalVerifySkipped=0 missingState=0 revmErrors=0 pendingReceived=17 pendingFilteredReceived=16 mempoolOpportunitySeen=0 mempoolToSim=0 cuProxyRpcCalls=0
[searcher/live] hint tx=0xd0024d2d7638300c63eccda56b811c3b174d84efe36d8e6d2b7d1a9611fa7468 src=mev-share
[searcher/live] 0xd0024d2d log: addr=0xf78bf0da t0=0xb9c5ff08
[searcher/live] 0xd0024d2d Transfer: token=0xa0b86991 from=0xfa759850 to=0xdd3d72c5
[searcher/live] 0xd0024d2d token-index hit, trying RPC fetch
[searcher/live] 0xd0024d2d skip: tx not available from RPC (private MEV-Share tx)
[searcher/live] 0xd0024d2d end-to-end 459ms
[searcher/live] counters hints=169 impacts=14 opportunities=0 plans=0 solverEntered=0 solverSuccess=0 revmSimSuccess=0 rpcVerifySuccess=0 simSuccess=0 submitAttempts=0 accepted=0 expiredBeforeSolver=0 quoteTimeouts=0 simReverts=0 finalVerifyFailed=0 finalVerifySkipped=0 missingState=0 revmErrors=0 pendingReceived=17 pendingFilteredReceived=16 mempoolOpportunitySeen=0 mempoolToSim=0 cuProxyRpcCalls=0
[searcher/live] hint tx=0x6bb0e839c0f161f720d90e139ea1d2db12ded38e2bbec29396f06eb956a4cce8 src=mev-share
[searcher/live] 0x6bb0e839 log: addr=0xf78bf0da t0=0xb9c5ff08
[searcher/live] 0x6bb0e839 Transfer: token=0xa0b86991 from=0xce236139 to=0x545cb112
[searcher/live] 0x6bb0e839 token-index hit, trying RPC fetch
[searcher/live] 0x6bb0e839 skip: tx not available from RPC (private MEV-Share tx)
[searcher/live] 0x6bb0e839 end-to-end 473ms
[searcher/live] counters hints=170 impacts=14 opportunities=0 plans=0 solverEntered=0 solverSuccess=0 revmSimSuccess=0 rpcVerifySuccess=0 simSuccess=0 submitAttempts=0 accepted=0 expiredBeforeSolver=0 quoteTimeouts=0 simReverts=0 finalVerifyFailed=0 finalVerifySkipped=0 missingState=0 revmErrors=0 pendingReceived=17 pendingFilteredReceived=16 mempoolOpportunitySeen=0 mempoolToSim=0 cuProxyRpcCalls=0
[searcher/live] hint tx=0xc351777cdc9b7d9054a2c09980cd1fa79573565972d5dd47fff2020608033a43 src=mev-share
[searcher/live] 0xc351777c skip: no matching graph pool
[searcher/live] 0xc351777c end-to-end 2ms
[searcher/live] counters hints=171 impacts=14 opportunities=0 plans=0 solverEntered=0 solverSuccess=0 revmSimSuccess=0 rpcVerifySuccess=0 simSuccess=0 submitAttempts=0 accepted=0 expiredBeforeSolver=0 quoteTimeouts=0 simReverts=0 finalVerifyFailed=0 finalVerifySkipped=0 missingState=0 revmErrors=0 pendingReceived=17 pendingFilteredReceived=16 mempoolOpportunitySeen=0 mempoolToSim=0 cuProxyRpcCalls=0
[searcher/live] hint tx=0xe1a25261abb2f3ba176d96cf87d55ef1ee641e35b29bc4b69d509764d5944ff3 src=mev-share
[searcher/live] 0xe1a25261 skip: no matching graph pool
[searcher/live] 0xe1a25261 end-to-end 2ms
[searcher/live] counters hints=172 impacts=14 opportunities=0 plans=0 solverEntered=0 solverSuccess=0 revmSimSuccess=0 rpcVerifySuccess=0 simSuccess=0 submitAttempts=0 accepted=0 expiredBeforeSolver=0 quoteTimeouts=0 simReverts=0 finalVerifyFailed=0 finalVerifySkipped=0 missingState=0 revmErrors=0 pendingReceived=17 pendingFilteredReceived=16 mempoolOpportunitySeen=0 mempoolToSim=0 cuProxyRpcCalls=0
[searcher/live] hint tx=0x1612f746232135a68fccb2ff1e4f99ff57d26ffe19073ff04eaf49515f9c9995 src=mev-share
[searcher/live] 0x1612f746 log: addr=0xf78bf0da t0=0xb9c5ff08
[searcher/live] 0x1612f746 Transfer: token=0x98509e66 from=0x98387352 to=0x0ff81b58
[searcher/live] 0x1612f746 skip: no matching graph pool
[searcher/live] 0x1612f746 end-to-end 1ms
[searcher/live] counters hints=173 impacts=14 opportunities=0 plans=0 solverEntered=0 solverSuccess=0 revmSimSuccess=0 rpcVerifySuccess=0 simSuccess=0 submitAttempts=0 accepted=0 expiredBeforeSolver=0 quoteTimeouts=0 simReverts=0 finalVerifyFailed=0 finalVerifySkipped=0 missingState=0 revmErrors=0 pendingReceived=17 pendingFilteredReceived=16 mempoolOpportunitySeen=0 mempoolToSim=0 cuProxyRpcCalls=0
[searcher/live] hint tx=0x11796932c80d8d58b0be4bd574e616ab9033c7bf7bdf6eb9621d6132b1035ed6 src=mev-share
[searcher/live] 0x11796932 log: addr=0xf78bf0da t0=0xb9c5ff08
[searcher/live] 0x11796932 Transfer: token=0xa0b86991 from=0xf56fcf10 to=0xca03fa43
[searcher/live] 0x11796932 token-index hit, trying RPC fetch
[searcher/live] 0x11796932 skip: tx not available from RPC (private MEV-Share tx)
[searcher/live] 0x11796932 end-to-end 466ms
[searcher/live] counters hints=174 impacts=14 opportunities=0 plans=0 solverEntered=0 solverSuccess=0 revmSimSuccess=0 rpcVerifySuccess=0 simSuccess=0 submitAttempts=0 accepted=0 expiredBeforeSolver=0 quoteTimeouts=0 simReverts=0 finalVerifyFailed=0 finalVerifySkipped=0 missingState=0 revmErrors=0 pendingReceived=17 pendingFilteredReceived=16 mempoolOpportunitySeen=0 mempoolToSim=0 cuProxyRpcCalls=0
[searcher/live] hint tx=0x87e2563b87f1acacbb655a9246cb405fa1a429956e3f70c9e1981164d678d2a4 src=mev-share
[searcher/live] 0x87e2563b log: addr=0xf78bf0da t0=0xb9c5ff08
[searcher/live] 0x87e2563b Transfer: token=0x56072c95 from=0x65a83075 to=0xd86a6d0f
[searcher/live] 0x87e2563b skip: no matching graph pool
[searcher/live] 0x87e2563b end-to-end 2ms
[searcher/live] counters hints=175 impacts=14 opportunities=0 plans=0 solverEntered=0 solverSuccess=0 revmSimSuccess=0 rpcVerifySuccess=0 simSuccess=0 submitAttempts=0 accepted=0 expiredBeforeSolver=0 quoteTimeouts=0 simReverts=0 finalVerifyFailed=0 finalVerifySkipped=0 missingState=0 revmErrors=0 pendingReceived=17 pendingFilteredReceived=16 mempoolOpportunitySeen=0 mempoolToSim=0 cuProxyRpcCalls=0
[searcher/live] hint tx=0x179489513bb36bfb137fd426f704730b47ee7cebbed59e1e25d982b951230e9d src=mev-share
[searcher/live] 0x17948951 log: addr=0xf78bf0da t0=0xb9c5ff08
[searcher/live] 0x17948951 Transfer: token=0xdac17f95 from=0x585c6b91 to=0x42f66acc
[searcher/live] 0x17948951 token-index hit, trying RPC fetch
[searcher/live] 0x17948951 skip: tx not available from RPC (private MEV-Share tx)
[searcher/live] 0x17948951 end-to-end 831ms
[searcher/live] counters hints=176 impacts=14 opportunities=0 plans=0 solverEntered=0 solverSuccess=0 revmSimSuccess=0 rpcVerifySuccess=0 simSuccess=0 submitAttempts=0 accepted=0 expiredBeforeSolver=0 quoteTimeouts=0 simReverts=0 finalVerifyFailed=0 finalVerifySkipped=0 missingState=0 revmErrors=0 pendingReceived=17 pendingFilteredReceived=16 mempoolOpportunitySeen=0 mempoolToSim=0 cuProxyRpcCalls=0
[searcher/live] hint tx=0xefff239e3a71305fb40ed989d12de5cf7b41f216b88c420aec095585ee25c249 src=mev-share
[searcher/live] 0xefff239e log: addr=0xf78bf0da t0=0xb9c5ff08
[searcher/live] 0xefff239e log: addr=0xdac17f95 t0=0x8c5be1e5
[searcher/live] 0xefff239e skip: no matching graph pool
[searcher/live] 0xefff239e end-to-end 1ms
[searcher/live] counters hints=177 impacts=14 opportunities=0 plans=0 solverEntered=0 solverSuccess=0 revmSimSuccess=0 rpcVerifySuccess=0 simSuccess=0 submitAttempts=0 accepted=0 expiredBeforeSolver=0 quoteTimeouts=0 simReverts=0 finalVerifyFailed=0 finalVerifySkipped=0 missingState=0 revmErrors=0 pendingReceived=17 pendingFilteredReceived=16 mempoolOpportunitySeen=0 mempoolToSim=0 cuProxyRpcCalls=0
[searcher/live] hint tx=0xccfb84645578907839dc3765d1379e32140bc956133f6978efeaabff4ccf7ec3 src=mev-share
[searcher/live] 0xccfb8464 log: addr=0xf78bf0da t0=0xb9c5ff08
[searcher/live] 0xccfb8464 Transfer: token=0xdac17f95 from=0x59fbd443 to=0xa8b53ead
[searcher/live] 0xccfb8464 token-index hit, trying RPC fetch
[searcher/live] 0xccfb8464 skip: tx not available from RPC (private MEV-Share tx)
[searcher/live] 0xccfb8464 end-to-end 471ms
[searcher/live] counters hints=178 impacts=14 opportunities=0 plans=0 solverEntered=0 solverSuccess=0 revmSimSuccess=0 rpcVerifySuccess=0 simSuccess=0 submitAttempts=0 accepted=0 expiredBeforeSolver=0 quoteTimeouts=0 simReverts=0 finalVerifyFailed=0 finalVerifySkipped=0 missingState=0 revmErrors=0 pendingReceived=17 pendingFilteredReceived=16 mempoolOpportunitySeen=0 mempoolToSim=0 cuProxyRpcCalls=0
[searcher/live] hint tx=0x0fcd47a6e9abac6256b7db0ee329b06b2c9ae4935701185bb31b3e4735c81a7a src=mev-share
[searcher/live] 0x0fcd47a6 log: addr=0xf78bf0da t0=0xb9c5ff08
[searcher/live] 0x0fcd47a6 Transfer: token=0xeeeeeeee from=0xf52605c7 to=0x5f0be8ec
[searcher/live] 0x0fcd47a6 skip: no matching graph pool
[searcher/live] 0x0fcd47a6 end-to-end 4ms
[searcher/live] counters hints=179 impacts=14 opportunities=0 plans=0 solverEntered=0 solverSuccess=0 revmSimSuccess=0 rpcVerifySuccess=0 simSuccess=0 submitAttempts=0 accepted=0 expiredBeforeSolver=0 quoteTimeouts=0 simReverts=0 finalVerifyFailed=0 finalVerifySkipped=0 missingState=0 revmErrors=0 pendingReceived=17 pendingFilteredReceived=16 mempoolOpportunitySeen=0 mempoolToSim=0 cuProxyRpcCalls=0
[searcher/live] hint tx=0x9b17cdbd5cdc958e768c530b44e8367ccbc9a76443f12ba5c8421407e51eca94 src=mev-share
[searcher/live] 0x9b17cdbd log: addr=0xf78bf0da t0=0xb9c5ff08
[searcher/live] 0x9b17cdbd Transfer: token=0xdac17f95 from=0x49369031 to=0x21186400
[searcher/live] 0x9b17cdbd token-index hit, trying RPC fetch
[searcher/live] 0x9b17cdbd skip: tx not available from RPC (private MEV-Share tx)
[searcher/live] 0x9b17cdbd end-to-end 474ms
[searcher/live] counters hints=180 impacts=14 opportunities=0 plans=0 solverEntered=0 solverSuccess=0 revmSimSuccess=0 rpcVerifySuccess=0 simSuccess=0 submitAttempts=0 accepted=0 expiredBeforeSolver=0 quoteTimeouts=0 simReverts=0 finalVerifyFailed=0 finalVerifySkipped=0 missingState=0 revmErrors=0 pendingReceived=17 pendingFilteredReceived=16 mempoolOpportunitySeen=0 mempoolToSim=0 cuProxyRpcCalls=0
[searcher/live] hint tx=0x1301a82bc23b1ee4ac2e6cceb5e322815373e888d8a8890d018430a09f6a00bf src=mev-share
[searcher/live] 0x1301a82b hint has 11 logs (batch)
[searcher/live] 0x1301a82b token-index hit, trying RPC fetch
[searcher/live] 0x1301a82b skip: tx not available from RPC (private MEV-Share tx)
[searcher/live] 0x1301a82b end-to-end 486ms
[searcher/live] counters hints=181 impacts=14 opportunities=0 plans=0 solverEntered=0 solverSuccess=0 revmSimSuccess=0 rpcVerifySuccess=0 simSuccess=0 submitAttempts=0 accepted=0 expiredBeforeSolver=0 quoteTimeouts=0 simReverts=0 finalVerifyFailed=0 finalVerifySkipped=0 missingState=0 revmErrors=0 pendingReceived=17 pendingFilteredReceived=16 mempoolOpportunitySeen=0 mempoolToSim=0 cuProxyRpcCalls=0
[searcher/live] hint tx=0xfe83bea4ada80d382e818b170865212ef7bec7d6a3beb45af39b14907ce40443 src=mev-share
[searcher/live] 0xfe83bea4 log: addr=0xf78bf0da t0=0xb9c5ff08
[searcher/live] 0xfe83bea4 Transfer: token=0xa0b86991 from=0xda5328cc to=0x974caa59
[searcher/live] 0xfe83bea4 token-index hit, trying RPC fetch
[searcher/live] 0xfe83bea4 skip: tx not available from RPC (private MEV-Share tx)
[searcher/live] 0xfe83bea4 end-to-end 473ms
[searcher/live] counters hints=182 impacts=14 opportunities=0 plans=0 solverEntered=0 solverSuccess=0 revmSimSuccess=0 rpcVerifySuccess=0 simSuccess=0 submitAttempts=0 accepted=0 expiredBeforeSolver=0 quoteTimeouts=0 simReverts=0 finalVerifyFailed=0 finalVerifySkipped=0 missingState=0 revmErrors=0 pendingReceived=17 pendingFilteredReceived=16 mempoolOpportunitySeen=0 mempoolToSim=0 cuProxyRpcCalls=0
[searcher/live] SSE reconnect: terminated
[searcher/live] state update block=25423660 reason=block recent=0/24 pinned=8/8 watched=8
[pool-updater] block=25423660 seeded v2=0 v3=3 watched=5/32 tickRefresh=1/1 272ms
[pool-updater] ticks block=25423660 seeded=1 373ms
[searcher/live] MEV-Share SSE connected
[searcher/live] hint tx=0x120bd17b06cd6b9ddb8fa6ea2b376a8afb7a5af7ba9952a25a09f6727f4290cc src=mev-share
[searcher/live] 0x120bd17b Transfer: token=0xc02aaa39 from=0x4674abc5 to=0x278d858f
[searcher/live] 0x120bd17b Transfer: token=0x7fc66500 from=0x278d858f to=0x4674abc5
[searcher/live] 0x120bd17b log: addr=0x4674abc5 t0=0xc42079f9
[searcher/live] 0x120bd17b skip: hash-only hint (no rawTx); set SEARCHER_ENABLE_HASH_ONLY=1 to enable
[searcher/live] 0x120bd17b end-to-end 3ms
[searcher/live] counters hints=183 impacts=15 opportunities=0 plans=0 solverEntered=0 solverSuccess=0 revmSimSuccess=0 rpcVerifySuccess=0 simSuccess=0 submitAttempts=0 accepted=0 expiredBeforeSolver=0 quoteTimeouts=0 simReverts=0 finalVerifyFailed=0 finalVerifySkipped=0 missingState=0 revmErrors=0 pendingReceived=17 pendingFilteredReceived=16 mempoolOpportunitySeen=0 mempoolToSim=0 cuProxyRpcCalls=0
[searcher/live] hint tx=0x81163a27b89c9f5bd2438c44ce162753f1426226fbe310d49487f778dbaef3f3 src=mev-share
[searcher/live] 0x81163a27 Transfer: token=0xeeeeeeee from=0x1ab4973a to=0x6b1d23d1
[searcher/live] 0x81163a27 Transfer: token=0xc02aaa39 from=0x4674abc5 to=0x278d858f
[searcher/live] 0x81163a27 Transfer: token=0x7fc66500 from=0x278d858f to=0x4674abc5
[searcher/live] 0x81163a27 log: addr=0x4674abc5 t0=0xc42079f9
[searcher/live] 0x81163a27 skip: hash-only hint (no rawTx); set SEARCHER_ENABLE_HASH_ONLY=1 to enable
[searcher/live] 0x81163a27 end-to-end 2ms
[searcher/live] counters hints=184 impacts=16 opportunities=0 plans=0 solverEntered=0 solverSuccess=0 revmSimSuccess=0 rpcVerifySuccess=0 simSuccess=0 submitAttempts=0 accepted=0 expiredBeforeSolver=0 quoteTimeouts=0 simReverts=0 finalVerifyFailed=0 finalVerifySkipped=0 missingState=0 revmErrors=0 pendingReceived=17 pendingFilteredReceived=16 mempoolOpportunitySeen=0 mempoolToSim=0 cuProxyRpcCalls=0
[searcher/live] hint tx=0x945f8e7d7165be3dba75e574c648b430c69205b64427a3a468f7586d8a737c75 src=mev-share
[searcher/live] 0x945f8e7d log: addr=0xf78bf0da t0=0xb9c5ff08
[searcher/live] 0x945f8e7d Transfer: token=0xc02aaa39 from=0x4674abc5 to=0x278d858f
[searcher/live] 0x945f8e7d Transfer: token=0x7fc66500 from=0x278d858f to=0x4674abc5
[searcher/live] 0x945f8e7d log: addr=0x4674abc5 t0=0xc42079f9
[searcher/live] 0x945f8e7d skip: hash-only hint (no rawTx); set SEARCHER_ENABLE_HASH_ONLY=1 to enable
[searcher/live] 0x945f8e7d end-to-end 2ms
[searcher/live] counters hints=185 impacts=17 opportunities=0 plans=0 solverEntered=0 solverSuccess=0 revmSimSuccess=0 rpcVerifySuccess=0 simSuccess=0 submitAttempts=0 accepted=0 expiredBeforeSolver=0 quoteTimeouts=0 simReverts=0 finalVerifyFailed=0 finalVerifySkipped=0 missingState=0 revmErrors=0 pendingReceived=17 pendingFilteredReceived=16 mempoolOpportunitySeen=0 mempoolToSim=0 cuProxyRpcCalls=0
[searcher/live] hint tx=0x7f00e5d7c78cd2abf0e32948e17d72294681ea790ccb50775168fbfc6ce52bd6 src=mev-share
[searcher/live] 0x7f00e5d7 log: addr=0xf78bf0da t0=0xb9c5ff08
[searcher/live] 0x7f00e5d7 Transfer: token=0xdac17f95 from=0x755a3a5a to=0x4b180ecf
[searcher/live] 0x7f00e5d7 token-index hit, trying RPC fetch
[searcher/live] 0x7f00e5d7 skip: tx not available from RPC (private MEV-Share tx)
[searcher/live] 0x7f00e5d7 end-to-end 487ms
[searcher/live] counters hints=187 impacts=17 opportunities=0 plans=0 solverEntered=0 solverSuccess=0 revmSimSuccess=0 rpcVerifySuccess=0 simSuccess=0 submitAttempts=0 accepted=0 expiredBeforeSolver=0 quoteTimeouts=0 simReverts=0 finalVerifyFailed=0 finalVerifySkipped=0 missingState=0 revmErrors=0 pendingReceived=17 pendingFilteredReceived=16 mempoolOpportunitySeen=0 mempoolToSim=0 cuProxyRpcCalls=0
[searcher/live] hint tx=0xb4b8fd3ac840a0d13d28957d3ba00843995ef33660d734c146ba131da4ebec2d src=mev-share
[searcher/live] 0xb4b8fd3a hint has 12 logs (batch)
[pool-impact] swap-only decoded: pool=0x185a1ff6 0x8d0D000E→0xdAC17F95 amt=2258012604292365402103
[searcher/live] 0xb4b8fd3a skip: hash-only hint (no rawTx); set SEARCHER_ENABLE_HASH_ONLY=1 to enable
[searcher/live] 0xb4b8fd3a end-to-end 256ms
[searcher/live] counters hints=188 impacts=18 opportunities=0 plans=0 solverEntered=0 solverSuccess=0 revmSimSuccess=0 rpcVerifySuccess=0 simSuccess=0 submitAttempts=0 accepted=0 expiredBeforeSolver=0 quoteTimeouts=0 simReverts=0 finalVerifyFailed=0 finalVerifySkipped=0 missingState=0 revmErrors=0 pendingReceived=17 pendingFilteredReceived=16 mempoolOpportunitySeen=0 mempoolToSim=0 cuProxyRpcCalls=0
[searcher/live] hint tx=0x743d6d2000cd4d80c1d8123928977e51c4651e00bc37370094ef002733b609b3 src=mev-share
[searcher/live] 0x743d6d20 hint has 11 logs (batch)
[pool-impact] swap-only decoded: pool=0x185a1ff6 0x8d0D000E→0xdAC17F95 amt=2258012604292365402103
[searcher/live] 0x743d6d20 skip: hash-only hint (no rawTx); set SEARCHER_ENABLE_HASH_ONLY=1 to enable
[searcher/live] 0x743d6d20 end-to-end 2ms
[searcher/live] counters hints=189 impacts=19 opportunities=0 plans=0 solverEntered=0 solverSuccess=0 revmSimSuccess=0 rpcVerifySuccess=0 simSuccess=0 submitAttempts=0 accepted=0 expiredBeforeSolver=0 quoteTimeouts=0 simReverts=0 finalVerifyFailed=0 finalVerifySkipped=0 missingState=0 revmErrors=0 pendingReceived=17 pendingFilteredReceived=16 mempoolOpportunitySeen=0 mempoolToSim=0 cuProxyRpcCalls=0
[searcher/live] hint tx=0xfd09e4d5c3c8ff8659ec8d064e2c6122d9dfa1ed52173accd8f9cbb2d5a8c919 src=mev-share
[searcher/live] 0xfd09e4d5 hint has 12 logs (batch)
[pool-impact] swap-only decoded: pool=0x185a1ff6 0x8d0D000E→0xdAC17F95 amt=2258012604292365402103
[searcher/live] 0xfd09e4d5 skip: hash-only hint (no rawTx); set SEARCHER_ENABLE_HASH_ONLY=1 to enable
[searcher/live] 0xfd09e4d5 end-to-end 1ms
[searcher/live] counters hints=190 impacts=20 opportunities=0 plans=0 solverEntered=0 solverSuccess=0 revmSimSuccess=0 rpcVerifySuccess=0 simSuccess=0 submitAttempts=0 accepted=0 expiredBeforeSolver=0 quoteTimeouts=0 simReverts=0 finalVerifyFailed=0 finalVerifySkipped=0 missingState=0 revmErrors=0 pendingReceived=17 pendingFilteredReceived=16 mempoolOpportunitySeen=0 mempoolToSim=0 cuProxyRpcCalls=0
[searcher/live] hint tx=0x65a292e8f719c4c964d9d7fe1b0f1c51815531e8de0756edf694fdb2e1e51610 src=mev-share
[searcher/live] 0x65a292e8 log: addr=0xf78bf0da t0=0xb9c5ff08
[searcher/live] 0x65a292e8 Transfer: token=0xdac17f95 from=0xac637249 to=0x8fcca58f
[searcher/live] 0x65a292e8 token-index hit, trying RPC fetch
[searcher/live] 0x65a292e8 skip: tx not available from RPC (private MEV-Share tx)
[searcher/live] 0x65a292e8 end-to-end 497ms
[searcher/live] counters hints=193 impacts=20 opportunities=0 plans=0 solverEntered=0 solverSuccess=0 revmSimSuccess=0 rpcVerifySuccess=0 simSuccess=0 submitAttempts=0 accepted=0 expiredBeforeSolver=0 quoteTimeouts=0 simReverts=0 finalVerifyFailed=0 finalVerifySkipped=0 missingState=0 revmErrors=0 pendingReceived=17 pendingFilteredReceived=16 mempoolOpportunitySeen=0 mempoolToSim=0 cuProxyRpcCalls=0
[searcher/live] hint tx=0xb674a89167a0efa929e924491744f3a3b89e8b5c2d7dcf32b94558467ff48aa8 src=mev-share
[searcher/live] 0xb674a891 log: addr=0xf78bf0da t0=0xb9c5ff08
[searcher/live] 0xb674a891 Transfer: token=0xa0b86991 from=0xf054a345 to=0x7c897aa0
[searcher/live] 0xb674a891 token-index hit, trying RPC fetch
[searcher/live] 0xb674a891 skip: tx not available from RPC (private MEV-Share tx)
[searcher/live] 0xb674a891 end-to-end 482ms
[searcher/live] counters hints=194 impacts=20 opportunities=0 plans=0 solverEntered=0 solverSuccess=0 revmSimSuccess=0 rpcVerifySuccess=0 simSuccess=0 submitAttempts=0 accepted=0 expiredBeforeSolver=0 quoteTimeouts=0 simReverts=0 finalVerifyFailed=0 finalVerifySkipped=0 missingState=0 revmErrors=0 pendingReceived=17 pendingFilteredReceived=16 mempoolOpportunitySeen=0 mempoolToSim=0 cuProxyRpcCalls=0
[searcher/live] hint tx=0xb8a1c0420e1d933f08e4d616344e8752f1e90ac92253223a071c4be0179981dd src=mev-share
[searcher/live] 0xb8a1c042 log: addr=0xf78bf0da t0=0xb9c5ff08
[searcher/live] 0xb8a1c042 log: addr=0xa0b86991 t0=0xcc16f5db
[searcher/live] 0xb8a1c042 Transfer: token=0xa0b86991 from=0x55fe002a to=0x00000000
[searcher/live] 0xb8a1c042 token-index hit, trying RPC fetch
[searcher/live] 0xb8a1c042 skip: tx not available from RPC (private MEV-Share tx)
[searcher/live] 0xb8a1c042 end-to-end 474ms
[searcher/live] counters hints=195 impacts=20 opportunities=0 plans=0 solverEntered=0 solverSuccess=0 revmSimSuccess=0 rpcVerifySuccess=0 simSuccess=0 submitAttempts=0 accepted=0 expiredBeforeSolver=0 quoteTimeouts=0 simReverts=0 finalVerifyFailed=0 finalVerifySkipped=0 missingState=0 revmErrors=0 pendingReceived=17 pendingFilteredReceived=16 mempoolOpportunitySeen=0 mempoolToSim=0 cuProxyRpcCalls=0
[searcher/live] hint tx=0xe358381b471c864b7afe73d9cac0289ef13d9365aae0466fbacd5eb3855ac0e7 src=mev-share
[searcher/live] 0xe358381b log: addr=0xf78bf0da t0=0xb9c5ff08
[searcher/live] 0xe358381b Transfer: token=0xdac17f95 from=0x72bc6b6d to=0x7d0c98c4
[searcher/live] 0xe358381b token-index hit, trying RPC fetch
[searcher/live] 0xe358381b skip: tx not available from RPC (private MEV-Share tx)
[searcher/live] 0xe358381b end-to-end 488ms
[searcher/live] counters hints=196 impacts=20 opportunities=0 plans=0 solverEntered=0 solverSuccess=0 revmSimSuccess=0 rpcVerifySuccess=0 simSuccess=0 submitAttempts=0 accepted=0 expiredBeforeSolver=0 quoteTimeouts=0 simReverts=0 finalVerifyFailed=0 finalVerifySkipped=0 missingState=0 revmErrors=0 pendingReceived=17 pendingFilteredReceived=16 mempoolOpportunitySeen=0 mempoolToSim=0 cuProxyRpcCalls=0
[searcher/live] hint tx=0xd4cd0cdf34dc6f4f6025c26454a7b5a8f0f74a7f7693f1e4e58786ddda3b7586 src=mev-share
[searcher/live] 0xd4cd0cdf log: addr=0xf78bf0da t0=0xb9c5ff08
[searcher/live] 0xd4cd0cdf Transfer: token=0x5f7827fd from=0x4693110b to=0xb43c1981
[searcher/live] 0xd4cd0cdf skip: no matching graph pool
[searcher/live] 0xd4cd0cdf end-to-end 1ms
[searcher/live] counters hints=197 impacts=20 opportunities=0 plans=0 solverEntered=0 solverSuccess=0 revmSimSuccess=0 rpcVerifySuccess=0 simSuccess=0 submitAttempts=0 accepted=0 expiredBeforeSolver=0 quoteTimeouts=0 simReverts=0 finalVerifyFailed=0 finalVerifySkipped=0 missingState=0 revmErrors=0 pendingReceived=17 pendingFilteredReceived=16 mempoolOpportunitySeen=0 mempoolToSim=0 cuProxyRpcCalls=0
[searcher/live] hint tx=0x6dd15098b05e55443161027663695c0fe0a6fa2f7e96672546e940f01977ab38 src=mev-share
[searcher/live] 0x6dd15098 log: addr=0xf78bf0da t0=0xb9c5ff08
[searcher/live] 0x6dd15098 Transfer: token=0xa0b73e1f from=0x5367569b to=0xcffad320
[searcher/live] 0x6dd15098 skip: no matching graph pool
[searcher/live] 0x6dd15098 end-to-end 1ms
[searcher/live] counters hints=198 impacts=20 opportunities=0 plans=0 solverEntered=0 solverSuccess=0 revmSimSuccess=0 rpcVerifySuccess=0 simSuccess=0 submitAttempts=0 accepted=0 expiredBeforeSolver=0 quoteTimeouts=0 simReverts=0 finalVerifyFailed=0 finalVerifySkipped=0 missingState=0 revmErrors=0 pendingReceived=17 pendingFilteredReceived=16 mempoolOpportunitySeen=0 mempoolToSim=0 cuProxyRpcCalls=0
[searcher/live] hint tx=0x77a6c28124655cccb9e891aa48cd4d00d2ed552b7a0e37ba4abd154185a529bd src=mev-share
[searcher/live] 0x77a6c281 hint has 34 logs (batch)
[pool-impact] swap-only decoded: pool=0xc5be99a0 0xC02aaA39→0xD46bA6D9 amt=2085121082793039
[pool-impact] swap-only decoded: pool=0x48ae0776 0xD46bA6D9→0xdAC17F95 amt=2685000000
[pool-impact] swap-only decoded: pool=0x48ae0776 0xD46bA6D9→0xdAC17F95 amt=8055000
[pool-impact] swap-only decoded: pool=0x2da3c570 0xdAC17F95→0x4D953cf0 amt=825
[searcher/live] 0x77a6c281 skip: hash-only hint (no rawTx); set SEARCHER_ENABLE_HASH_ONLY=1 to enable
[searcher/live] 0x77a6c281 end-to-end 256ms
[searcher/live] counters hints=199 impacts=21 opportunities=0 plans=0 solverEntered=0 solverSuccess=0 revmSimSuccess=0 rpcVerifySuccess=0 simSuccess=0 submitAttempts=0 accepted=0 expiredBeforeSolver=0 quoteTimeouts=0 simReverts=0 finalVerifyFailed=0 finalVerifySkipped=0 missingState=0 revmErrors=0 pendingReceived=17 pendingFilteredReceived=16 mempoolOpportunitySeen=0 mempoolToSim=0 cuProxyRpcCalls=0
[searcher/live] hint tx=0x9d068e70e4ce48b89dd70ccc22ccb8c50ced456a1ebda01fdd3197e60708da52 src=mev-share
[searcher/live] 0x9d068e70 log: addr=0xf78bf0da t0=0xb9c5ff08
[searcher/live] 0x9d068e70 Transfer: token=0xa0b86991 from=0x4c2c0f0b to=0xc079c8d7
[searcher/live] 0x9d068e70 token-index hit, trying RPC fetch
[searcher/live] 0x9d068e70 skip: tx not available from RPC (private MEV-Share tx)
[searcher/live] 0x9d068e70 end-to-end 479ms
[searcher/live] counters hints=200 impacts=21 opportunities=0 plans=0 solverEntered=0 solverSuccess=0 revmSimSuccess=0 rpcVerifySuccess=0 simSuccess=0 submitAttempts=0 accepted=0 expiredBeforeSolver=0 quoteTimeouts=0 simReverts=0 finalVerifyFailed=0 finalVerifySkipped=0 missingState=0 revmErrors=0 pendingReceived=17 pendingFilteredReceived=16 mempoolOpportunitySeen=0 mempoolToSim=0 cuProxyRpcCalls=0
[searcher/live] hint tx=0x9c27652ac0d6191333fccfc383bf6581d2d0e12342620b06c0e621857a8f9018 src=mev-share
[searcher/live] 0x9c27652a log: addr=0xf78bf0da t0=0xb9c5ff08
[searcher/live] 0x9c27652a Transfer: token=0x7420b4b9 from=0xf4ebf4d6 to=0xcffad320
[searcher/live] 0x9c27652a skip: no matching graph pool
[searcher/live] 0x9c27652a end-to-end 2ms
[searcher/live] counters hints=201 impacts=21 opportunities=0 plans=0 solverEntered=0 solverSuccess=0 revmSimSuccess=0 rpcVerifySuccess=0 simSuccess=0 submitAttempts=0 accepted=0 expiredBeforeSolver=0 quoteTimeouts=0 simReverts=0 finalVerifyFailed=0 finalVerifySkipped=0 missingState=0 revmErrors=0 pendingReceived=17 pendingFilteredReceived=16 mempoolOpportunitySeen=0 mempoolToSim=0 cuProxyRpcCalls=0
[searcher/live] hint tx=0xb3753d71783aab6a14c0ac0e0298741aeaf94c3cde35220659fcb26dde7baa94 src=mev-share
[searcher/live] 0xb3753d71 log: addr=0xf78bf0da t0=0xb9c5ff08
[searcher/live] 0xb3753d71 Transfer: token=0xa0b86991 from=0x4c2c0f0b to=0xc079c8d7
[searcher/live] 0xb3753d71 token-index hit, trying RPC fetch
[searcher/live] 0xb3753d71 skip: tx not available from RPC (private MEV-Share tx)
[searcher/live] 0xb3753d71 end-to-end 450ms
[searcher/live] counters hints=202 impacts=21 opportunities=0 plans=0 solverEntered=0 solverSuccess=0 revmSimSuccess=0 rpcVerifySuccess=0 simSuccess=0 submitAttempts=0 accepted=0 expiredBeforeSolver=0 quoteTimeouts=0 simReverts=0 finalVerifyFailed=0 finalVerifySkipped=0 missingState=0 revmErrors=0 pendingReceived=17 pendingFilteredReceived=16 mempoolOpportunitySeen=0 mempoolToSim=0 cuProxyRpcCalls=0
[searcher/live] hint tx=0x248256150ef690eb82648781cf96a3246992c31f4109f1602488959c2a26be99 src=mev-share
[searcher/live] 0x24825615 log: addr=0xf78bf0da t0=0xb9c5ff08
[searcher/live] 0x24825615 Transfer: token=0xdac17f95 from=0xdd3d72c5 to=0xdb14a7d9
[searcher/live] 0x24825615 token-index hit, trying RPC fetch
[searcher/live] 0x24825615 skip: tx not available from RPC (private MEV-Share tx)
[searcher/live] 0x24825615 end-to-end 457ms
[searcher/live] counters hints=203 impacts=21 opportunities=0 plans=0 solverEntered=0 solverSuccess=0 revmSimSuccess=0 rpcVerifySuccess=0 simSuccess=0 submitAttempts=0 accepted=0 expiredBeforeSolver=0 quoteTimeouts=0 simReverts=0 finalVerifyFailed=0 finalVerifySkipped=0 missingState=0 revmErrors=0 pendingReceived=17 pendingFilteredReceived=16 mempoolOpportunitySeen=0 mempoolToSim=0 cuProxyRpcCalls=0
[searcher/live] hint tx=0x88db1223cecfe5867052f1d466be9c17d6f40885f04e292f2ab76a863e93b1ae src=mev-share
[searcher/live] 0x88db1223 log: addr=0xf78bf0da t0=0xb9c5ff08
[searcher/live] 0x88db1223 Transfer: token=0xd1d2eb1b from=0xe866ef07 to=0xcffad320
[searcher/live] 0x88db1223 skip: no matching graph pool
[searcher/live] 0x88db1223 end-to-end 1ms
[searcher/live] counters hints=204 impacts=21 opportunities=0 plans=0 solverEntered=0 solverSuccess=0 revmSimSuccess=0 rpcVerifySuccess=0 simSuccess=0 submitAttempts=0 accepted=0 expiredBeforeSolver=0 quoteTimeouts=0 simReverts=0 finalVerifyFailed=0 finalVerifySkipped=0 missingState=0 revmErrors=0 pendingReceived=17 pendingFilteredReceived=16 mempoolOpportunitySeen=0 mempoolToSim=0 cuProxyRpcCalls=0
[searcher/live] hint tx=0x47142a31fa29416fa287caec6c386b8a860e69630d5716575e27a154addc6d68 src=mev-share
[searcher/live] 0x47142a31 log: addr=0xf78bf0da t0=0xb9c5ff08
[searcher/live] 0x47142a31 Transfer: token=0x455e53cb from=0x90ac3061 to=0xcffad320
[searcher/live] 0x47142a31 skip: no matching graph pool
[searcher/live] 0x47142a31 end-to-end 2ms
[searcher/live] counters hints=205 impacts=21 opportunities=0 plans=0 solverEntered=0 solverSuccess=0 revmSimSuccess=0 rpcVerifySuccess=0 simSuccess=0 submitAttempts=0 accepted=0 expiredBeforeSolver=0 quoteTimeouts=0 simReverts=0 finalVerifyFailed=0 finalVerifySkipped=0 missingState=0 revmErrors=0 pendingReceived=17 pendingFilteredReceived=16 mempoolOpportunitySeen=0 mempoolToSim=0 cuProxyRpcCalls=0
[searcher/live] hint tx=0xc0220e0c4dca8ccd7a1600a418e7831a13468ffcff944d94b2b2b4b292211c05 src=mev-share
[searcher/live] 0xc0220e0c log: addr=0xf78bf0da t0=0xb9c5ff08
[searcher/live] 0xc0220e0c Transfer: token=0xeeeeeeee from=0x458c2a06 to=0xb69e73e2
[searcher/live] 0xc0220e0c skip: no matching graph pool
[searcher/live] 0xc0220e0c end-to-end 1ms
[searcher/live] counters hints=206 impacts=21 opportunities=0 plans=0 solverEntered=0 solverSuccess=0 revmSimSuccess=0 rpcVerifySuccess=0 simSuccess=0 submitAttempts=0 accepted=0 expiredBeforeSolver=0 quoteTimeouts=0 simReverts=0 finalVerifyFailed=0 finalVerifySkipped=0 missingState=0 revmErrors=0 pendingReceived=17 pendingFilteredReceived=16 mempoolOpportunitySeen=0 mempoolToSim=0 cuProxyRpcCalls=0
[searcher/live] hint tx=0x069422343e2b9cdf71efc5b7361c0d02ec027e7c8301738c8dc8ef6fb59c935e src=mev-share
[searcher/live] 0x06942234 log: addr=0xf78bf0da t0=0xb9c5ff08
[searcher/live] 0x06942234 Transfer: token=0xa0b86991 from=0x4c2c0f0b to=0xc079c8d7
[searcher/live] 0x06942234 token-index hit, trying RPC fetch
[searcher/live] 0x06942234 skip: tx not available from RPC (private MEV-Share tx)
[searcher/live] 0x06942234 end-to-end 457ms
[searcher/live] counters hints=207 impacts=21 opportunities=0 plans=0 solverEntered=0 solverSuccess=0 revmSimSuccess=0 rpcVerifySuccess=0 simSuccess=0 submitAttempts=0 accepted=0 expiredBeforeSolver=0 quoteTimeouts=0 simReverts=0 finalVerifyFailed=0 finalVerifySkipped=0 missingState=0 revmErrors=0 pendingReceived=17 pendingFilteredReceived=16 mempoolOpportunitySeen=0 mempoolToSim=0 cuProxyRpcCalls=0
[searcher/live] hint tx=0xad8ef06c1766b550d0eba18f69114698e462078728066fedf5eb79681ffce11e src=mev-share
[searcher/live] 0xad8ef06c log: addr=0xf78bf0da t0=0xb9c5ff08
[searcher/live] 0xad8ef06c Transfer: token=0x51491077 from=0x129fa883 to=0xcffad320
[searcher/live] 0xad8ef06c token-index hit, trying RPC fetch
[searcher/live] 0xad8ef06c skip: tx not available from RPC (private MEV-Share tx)
[searcher/live] 0xad8ef06c end-to-end 466ms
[searcher/live] counters hints=208 impacts=21 opportunities=0 plans=0 solverEntered=0 solverSuccess=0 revmSimSuccess=0 rpcVerifySuccess=0 simSuccess=0 submitAttempts=0 accepted=0 expiredBeforeSolver=0 quoteTimeouts=0 simReverts=0 finalVerifyFailed=0 finalVerifySkipped=0 missingState=0 revmErrors=0 pendingReceived=17 pendingFilteredReceived=16 mempoolOpportunitySeen=0 mempoolToSim=0 cuProxyRpcCalls=0
[searcher/live] hint tx=0x389bded8063da39acb508b281319d20dbc42401a9b7c7a55dd80f66bc6cf7e68 src=mev-share
[searcher/live] 0x389bded8 log: addr=0xf78bf0da t0=0xb9c5ff08
[searcher/live] 0x389bded8 Transfer: token=0xeeeeeeee from=0xa9ac43f5 to=0xac02131b
[searcher/live] 0x389bded8 skip: no matching graph pool
[searcher/live] 0x389bded8 end-to-end 2ms
[searcher/live] counters hints=209 impacts=21 opportunities=0 plans=0 solverEntered=0 solverSuccess=0 revmSimSuccess=0 rpcVerifySuccess=0 simSuccess=0 submitAttempts=0 accepted=0 expiredBeforeSolver=0 quoteTimeouts=0 simReverts=0 finalVerifyFailed=0 finalVerifySkipped=0 missingState=0 revmErrors=0 pendingReceived=17 pendingFilteredReceived=16 mempoolOpportunitySeen=0 mempoolToSim=0 cuProxyRpcCalls=0
[searcher/live] hint tx=0x7b19304f6c02bc7202e86db41c9764390b3ed83bb6e407b18b977e0956f2b907 src=mev-share
[searcher/live] 0x7b19304f log: addr=0xf78bf0da t0=0xb9c5ff08
[searcher/live] 0x7b19304f Transfer: token=0xa0b86991 from=0x6872b663 to=0xb5bdda6b
[searcher/live] 0x7b19304f token-index hit, trying RPC fetch
[searcher/live] 0x7b19304f skip: tx not available from RPC (private MEV-Share tx)
[searcher/live] 0x7b19304f end-to-end 465ms
[searcher/live] counters hints=210 impacts=21 opportunities=0 plans=0 solverEntered=0 solverSuccess=0 revmSimSuccess=0 rpcVerifySuccess=0 simSuccess=0 submitAttempts=0 accepted=0 expiredBeforeSolver=0 quoteTimeouts=0 simReverts=0 finalVerifyFailed=0 finalVerifySkipped=0 missingState=0 revmErrors=0 pendingReceived=17 pendingFilteredReceived=16 mempoolOpportunitySeen=0 mempoolToSim=0 cuProxyRpcCalls=0
[searcher/live] hint tx=0xdb39ed0021b1d0d021e90899a6a8285d405d434f9fe0f330a4ec521ee6d5f57a src=mev-share
[searcher/live] 0xdb39ed00 log: addr=0xf78bf0da t0=0xb9c5ff08
[searcher/live] 0xdb39ed00 Transfer: token=0xa0b86991 from=0xef6eb247 to=0x6872b663
[searcher/live] 0xdb39ed00 token-index hit, trying RPC fetch
[searcher/live] 0xdb39ed00 skip: tx not available from RPC (private MEV-Share tx)
[searcher/live] 0xdb39ed00 end-to-end 461ms
[searcher/live] counters hints=211 impacts=21 opportunities=0 plans=0 solverEntered=0 solverSuccess=0 revmSimSuccess=0 rpcVerifySuccess=0 simSuccess=0 submitAttempts=0 accepted=0 expiredBeforeSolver=0 quoteTimeouts=0 simReverts=0 finalVerifyFailed=0 finalVerifySkipped=0 missingState=0 revmErrors=0 pendingReceived=17 pendingFilteredReceived=16 mempoolOpportunitySeen=0 mempoolToSim=0 cuProxyRpcCalls=0
[searcher/live] hint tx=0x797e188cfd8291e0667c1d7a21445721306123b9ad8b8951e2db33642ee63c75 src=mev-share
[searcher/live] 0x797e188c log: addr=0xf78bf0da t0=0xb9c5ff08
[searcher/live] 0x797e188c Transfer: token=0xdac17f95 from=0x02e0ea4f to=0x7614519f
[searcher/live] 0x797e188c token-index hit, trying RPC fetch
[searcher/live] 0x797e188c skip: tx not available from RPC (private MEV-Share tx)
[searcher/live] 0x797e188c end-to-end 492ms
[searcher/live] counters hints=212 impacts=21 opportunities=0 plans=0 solverEntered=0 solverSuccess=0 revmSimSuccess=0 rpcVerifySuccess=0 simSuccess=0 submitAttempts=0 accepted=0 expiredBeforeSolver=0 quoteTimeouts=0 simReverts=0 finalVerifyFailed=0 finalVerifySkipped=0 missingState=0 revmErrors=0 pendingReceived=17 pendingFilteredReceived=16 mempoolOpportunitySeen=0 mempoolToSim=0 cuProxyRpcCalls=0
[searcher/live] hint tx=0x42298770024fe4a3bceadbe827d32e3f2667ba26301e0ce5d19c02087bbd71f9 src=mev-share
[searcher/live] 0x42298770 log: addr=0xf78bf0da t0=0xb9c5ff08
[searcher/live] 0x42298770 Transfer: token=0xeeeeeeee from=0x6f63d50d to=0x61657ce5
[searcher/live] 0x42298770 skip: no matching graph pool
[searcher/live] 0x42298770 end-to-end 1ms
[searcher/live] counters hints=213 impacts=21 opportunities=0 plans=0 solverEntered=0 solverSuccess=0 revmSimSuccess=0 rpcVerifySuccess=0 simSuccess=0 submitAttempts=0 accepted=0 expiredBeforeSolver=0 quoteTimeouts=0 simReverts=0 finalVerifyFailed=0 finalVerifySkipped=0 missingState=0 revmErrors=0 pendingReceived=17 pendingFilteredReceived=16 mempoolOpportunitySeen=0 mempoolToSim=0 cuProxyRpcCalls=0
[searcher/live] hint tx=0xedc696be7f88417e900fd5fc3b2cc2961c79889087221196855782fa1bf5438e src=mev-share
[searcher/live] 0xedc696be log: addr=0x00000000 t0=0x40e9cecb
[searcher/live] 0xedc696be log: addr=0x00000000 t0=0x40e9cecb
[searcher/live] 0xedc696be skip: no matching graph pool
[searcher/live] 0xedc696be end-to-end 1ms
[searcher/live] counters hints=214 impacts=21 opportunities=0 plans=0 solverEntered=0 solverSuccess=0 revmSimSuccess=0 rpcVerifySuccess=0 simSuccess=0 submitAttempts=0 accepted=0 expiredBeforeSolver=0 quoteTimeouts=0 simReverts=0 finalVerifyFailed=0 finalVerifySkipped=0 missingState=0 revmErrors=0 pendingReceived=17 pendingFilteredReceived=16 mempoolOpportunitySeen=0 mempoolToSim=0 cuProxyRpcCalls=0
[searcher/live] hint tx=0x2df8297562ed71cbf4c2afd9c4ff9970eb9c70fc87101b9b7b010318abc3ba9b src=mev-share
[searcher/live] 0x2df82975 log: addr=0xf78bf0da t0=0xb9c5ff08
[searcher/live] 0x2df82975 Transfer: token=0x45804880 from=0xf99a86ce to=0xcffad320
[searcher/live] 0x2df82975 token-index hit, trying RPC fetch
[searcher/live] 0x2df82975 skip: tx not available from RPC (private MEV-Share tx)
[searcher/live] 0x2df82975 end-to-end 490ms
[searcher/live] counters hints=215 impacts=21 opportunities=0 plans=0 solverEntered=0 solverSuccess=0 revmSimSuccess=0 rpcVerifySuccess=0 simSuccess=0 submitAttempts=0 accepted=0 expiredBeforeSolver=0 quoteTimeouts=0 simReverts=0 finalVerifyFailed=0 finalVerifySkipped=0 missingState=0 revmErrors=0 pendingReceived=17 pendingFilteredReceived=16 mempoolOpportunitySeen=0 mempoolToSim=0 cuProxyRpcCalls=0
[searcher/live] hint tx=0x93df95bd9e2bdef806f307da98b8da669e5dd0b938de33fb317eeb02daef46c7 src=mev-share
[searcher/live] 0x93df95bd log: addr=0xf78bf0da t0=0xb9c5ff08
[searcher/live] 0x93df95bd Transfer: token=0x95ad61b0 from=0x8dac8740 to=0xcffad320
[searcher/live] 0x93df95bd skip: no matching graph pool
[searcher/live] 0x93df95bd end-to-end 4ms
[searcher/live] counters hints=216 impacts=21 opportunities=0 plans=0 solverEntered=0 solverSuccess=0 revmSimSuccess=0 rpcVerifySuccess=0 simSuccess=0 submitAttempts=0 accepted=0 expiredBeforeSolver=0 quoteTimeouts=0 simReverts=0 finalVerifyFailed=0 finalVerifySkipped=0 missingState=0 revmErrors=0 pendingReceived=17 pendingFilteredReceived=16 mempoolOpportunitySeen=0 mempoolToSim=0 cuProxyRpcCalls=0
[searcher/live] hint tx=0x7d35a3ac889950db33466f1eb93676c6aeaec2d43ca232c56356eabe79e061f8 src=mev-share
[searcher/live] 0x7d35a3ac log: addr=0xf78bf0da t0=0xb9c5ff08
[searcher/live] 0x7d35a3ac Transfer: token=0xdac17f95 from=0xb25151b4 to=0x1fe2f71d
[searcher/live] 0x7d35a3ac token-index hit, trying RPC fetch
[searcher/live] 0x7d35a3ac skip: tx not available from RPC (private MEV-Share tx)
[searcher/live] 0x7d35a3ac end-to-end 453ms
[searcher/live] counters hints=217 impacts=21 opportunities=0 plans=0 solverEntered=0 solverSuccess=0 revmSimSuccess=0 rpcVerifySuccess=0 simSuccess=0 submitAttempts=0 accepted=0 expiredBeforeSolver=0 quoteTimeouts=0 simReverts=0 finalVerifyFailed=0 finalVerifySkipped=0 missingState=0 revmErrors=0 pendingReceived=17 pendingFilteredReceived=16 mempoolOpportunitySeen=0 mempoolToSim=0 cuProxyRpcCalls=0
[searcher/live] hint tx=0x2a32c9d0fb17097fc1942216629938e3ef287a793fc477d53879719aa393deac src=mev-share
[searcher/live] 0x2a32c9d0 log: addr=0xf78bf0da t0=0xb9c5ff08
[searcher/live] 0x2a32c9d0 Transfer: token=0xdac17f95 from=0xf0205908 to=0xcffad320
[searcher/live] 0x2a32c9d0 token-index hit, trying RPC fetch
[searcher/live] 0x2a32c9d0 skip: tx not available from RPC (private MEV-Share tx)
[searcher/live] 0x2a32c9d0 end-to-end 457ms
[searcher/live] counters hints=218 impacts=21 opportunities=0 plans=0 solverEntered=0 solverSuccess=0 revmSimSuccess=0 rpcVerifySuccess=0 simSuccess=0 submitAttempts=0 accepted=0 expiredBeforeSolver=0 quoteTimeouts=0 simReverts=0 finalVerifyFailed=0 finalVerifySkipped=0 missingState=0 revmErrors=0 pendingReceived=17 pendingFilteredReceived=16 mempoolOpportunitySeen=0 mempoolToSim=0 cuProxyRpcCalls=0
[searcher/live] hint tx=0x7380fb6be9f5e32c7b4dc8f21f2227423699f7251c3f83546bf11d6f88786ef1 src=mev-share
[searcher/live] 0x7380fb6b log: addr=0xf78bf0da t0=0xb9c5ff08
[searcher/live] 0x7380fb6b Transfer: token=0xa0b86991 from=0x20ff49ea to=0xccda7054
[searcher/live] 0x7380fb6b token-index hit, trying RPC fetch
[searcher/live] 0x7380fb6b skip: tx not available from RPC (private MEV-Share tx)
[searcher/live] 0x7380fb6b end-to-end 701ms
[searcher/live] counters hints=219 impacts=21 opportunities=0 plans=0 solverEntered=0 solverSuccess=0 revmSimSuccess=0 rpcVerifySuccess=0 simSuccess=0 submitAttempts=0 accepted=0 expiredBeforeSolver=0 quoteTimeouts=0 simReverts=0 finalVerifyFailed=0 finalVerifySkipped=0 missingState=0 revmErrors=0 pendingReceived=17 pendingFilteredReceived=16 mempoolOpportunitySeen=0 mempoolToSim=0 cuProxyRpcCalls=0
[searcher/live] hint tx=0x5305c69c620d31d4fbcde29c22a4266caa9bc2401275f125253f0e4635b2c41d src=mev-share
[searcher/live] 0x5305c69c log: addr=0xf78bf0da t0=0xb9c5ff08
[searcher/live] 0x5305c69c Transfer: token=0xdac17f95 from=0x378cf436 to=0xcffad320
[searcher/live] 0x5305c69c token-index hit, trying RPC fetch
[searcher/live] 0x5305c69c skip: tx not available from RPC (private MEV-Share tx)
[searcher/live] 0x5305c69c end-to-end 465ms
[searcher/live] counters hints=220 impacts=21 opportunities=0 plans=0 solverEntered=0 solverSuccess=0 revmSimSuccess=0 rpcVerifySuccess=0 simSuccess=0 submitAttempts=0 accepted=0 expiredBeforeSolver=0 quoteTimeouts=0 simReverts=0 finalVerifyFailed=0 finalVerifySkipped=0 missingState=0 revmErrors=0 pendingReceived=19 pendingFilteredReceived=18 mempoolOpportunitySeen=0 mempoolToSim=0 cuProxyRpcCalls=0
[searcher/live] hint tx=0xe575e00de1be9ba2f0ecbf757dc23a6012c10db64cfcd08083aec28773497e01 src=mempool
[searcher/live] 0xe575e00d skip: victim apply failed: 0xe575e00de1be9ba2f0ecbf757dc23a6012c10db64cfcd08083aec28773497e01
[searcher/live] 0xe575e00d end-to-end 1263ms
[searcher/live] counters hints=221 impacts=21 opportunities=0 plans=0 solverEntered=0 solverSuccess=0 revmSimSuccess=0 rpcVerifySuccess=0 simSuccess=0 submitAttempts=0 accepted=0 expiredBeforeSolver=0 quoteTimeouts=0 simReverts=0 finalVerifyFailed=0 finalVerifySkipped=0 missingState=0 revmErrors=0 pendingReceived=19 pendingFilteredReceived=18 mempoolOpportunitySeen=0 mempoolToSim=0 cuProxyRpcCalls=0
[searcher/live] hint tx=0x75d00f77462062ad045f1bfcc5b3d63b31f6d86babfc213454b9c1c8df4fed35 src=mev-share
[searcher/live] 0x75d00f77 log: addr=0xf78bf0da t0=0xb9c5ff08
[searcher/live] 0x75d00f77 Transfer: token=0xa0b86991 from=0x5bec8a20 to=0x6fe39f28
[searcher/live] 0x75d00f77 token-index hit, trying RPC fetch
[searcher/live] state update block=25423661 reason=block recent=0/24 pinned=8/8 watched=8
[searcher/live] 0x75d00f77 skip: tx not available from RPC (private MEV-Share tx)
[searcher/live] 0x75d00f77 end-to-end 452ms
[searcher/live] counters hints=222 impacts=21 opportunities=0 plans=0 solverEntered=0 solverSuccess=0 revmSimSuccess=0 rpcVerifySuccess=0 simSuccess=0 submitAttempts=0 accepted=0 expiredBeforeSolver=0 quoteTimeouts=0 simReverts=0 finalVerifyFailed=0 finalVerifySkipped=0 missingState=0 revmErrors=0 pendingReceived=19 pendingFilteredReceived=18 mempoolOpportunitySeen=0 mempoolToSim=0 cuProxyRpcCalls=0
[searcher/live] hint tx=0x9b904941d97df86866d6e13bd779275210d6435e808097515ddd2293f1f98628 src=mempool
[pool-updater] block=25423661 seeded v2=0 v3=3 watched=5/32 tickRefresh=1/1 508ms
[pool-updater] ticks block=25423661 seeded=1 1100ms
[searcher/live] state update block=25423662 reason=block recent=0/24 pinned=8/8 watched=8
[pool-updater] block=25423662 seeded v2=0 v3=3 watched=5/32 tickRefresh=1/1 8095ms
[pool-impact] swap-only decoded: pool=0xfaf41f37 0xdAC17F95→0x9d70baE2 amt=211225975
[searcher/live] detector: 1 opportunities — found in 17246ms (match=2ms fork=24ms prep=13291ms detect=3929ms total=17246ms)
[planner] 0 candidates start=0xdac17f958d2ee523a2206206994597c13d831ec7 profit=0xdac17f958d2ee523a2206206994597c13d831ec7 impact=0xfaf41f3761eb08374639955bde44cbbf3dcc8384 0xdac17f958d2ee523a2206206994597c13d831ec7->0x9d70bae2944ffa477f37bae227fd981e6eb31982 | class=impact_pool_not_in_routing_graph | skip=no_borrowable_token_or_no_path | flash-lend-swap-repay: edges=4662/4662 raw=82 focused=0 prunedRoundtrip=8 duplicates=0 constraintPass=0 rotatedPlans=0 noBorrowable=0 | flash-swap-repay: edges=4661/4662 raw=82 focused=0 prunedRoundtrip=8 duplicates=0 constraintPass=0 rotatedPlans=0 noBorrowable=0
[searcher/live] planner: 0 candidate plans
[searcher/live] 0x9b904941 end-to-end 17255ms
[searcher/live] counters hints=223 impacts=22 opportunities=1 plans=0 solverEntered=0 solverSuccess=0 revmSimSuccess=0 rpcVerifySuccess=0 simSuccess=0 submitAttempts=0 accepted=0 expiredBeforeSolver=0 quoteTimeouts=0 simReverts=0 finalVerifyFailed=0 finalVerifySkipped=0 missingState=0 revmErrors=0 pendingReceived=20 pendingFilteredReceived=19 mempoolOpportunitySeen=1 mempoolToSim=0 cuProxyRpcCalls=0
[searcher/live] hint tx=0x53cd6f98b93487d1b69acd8bbc3db6868a1fc4406fdc14eaf17713164c2cef51 src=mev-share
[searcher/live] 0x53cd6f98 log: addr=0xf78bf0da t0=0xb9c5ff08
[searcher/live] 0x53cd6f98 Transfer: token=0xdac17f95 from=0x28aed9f2 to=0xcffad320
[searcher/live] 0x53cd6f98 token-index hit, trying RPC fetch
[searcher/live] state update block=25423663 reason=block recent=0/24 pinned=8/8 watched=8
[searcher/live] 0x53cd6f98 skip: tx not available from RPC (private MEV-Share tx)
[searcher/live] 0x53cd6f98 end-to-end 7150ms
[searcher/live] counters hints=224 impacts=22 opportunities=1 plans=0 solverEntered=0 solverSuccess=0 revmSimSuccess=0 rpcVerifySuccess=0 simSuccess=0 submitAttempts=0 accepted=0 expiredBeforeSolver=0 quoteTimeouts=0 simReverts=0 finalVerifyFailed=0 finalVerifySkipped=0 missingState=0 revmErrors=0 pendingReceived=21 pendingFilteredReceived=20 mempoolOpportunitySeen=1 mempoolToSim=0 cuProxyRpcCalls=0
[pool-updater] ticks block=25423662 seeded=1 7175ms
[pool-updater] block=25423663 seeded v2=0 v3=3 watched=5/32 tickRefresh=0/0 2579ms
[searcher/live] hint tx=0x7a955f9491252a1be24fc614d78c3a3e2d302cd282b28cc0783485d7e8ef4474 src=mempool
[searcher/live] 0x7a955f94 no matching graph pool
[searcher/live] 0x7a955f94 end-to-end 8547ms
[searcher/live] counters hints=225 impacts=22 opportunities=1 plans=0 solverEntered=0 solverSuccess=0 revmSimSuccess=0 rpcVerifySuccess=0 simSuccess=0 submitAttempts=0 accepted=0 expiredBeforeSolver=0 quoteTimeouts=0 simReverts=0 finalVerifyFailed=0 finalVerifySkipped=0 missingState=0 revmErrors=0 pendingReceived=23 pendingFilteredReceived=22 mempoolOpportunitySeen=1 mempoolToSim=0 cuProxyRpcCalls=0
[searcher/live] hint tx=0xefd1c9337ec3f32330cda08143b54f98ff0403d460eaf804db5fe702b80e23af src=mev-share
[searcher/live] 0xefd1c933 log: addr=0xf78bf0da t0=0xb9c5ff08
[searcher/live] 0xefd1c933 Transfer: token=0xdac17f95 from=0x4cd6e94c to=0xcffad320
[searcher/live] 0xefd1c933 token-index hit, trying RPC fetch
[searcher/live] state update block=25423664 reason=block recent=0/24 pinned=8/8 watched=8
[searcher/live] 0xefd1c933 skip: tx not available from RPC (private MEV-Share tx)
[searcher/live] 0xefd1c933 end-to-end 5571ms
[searcher/live] counters hints=226 impacts=22 opportunities=1 plans=0 solverEntered=0 solverSuccess=0 revmSimSuccess=0 rpcVerifySuccess=0 simSuccess=0 submitAttempts=0 accepted=0 expiredBeforeSolver=0 quoteTimeouts=0 simReverts=0 finalVerifyFailed=0 finalVerifySkipped=0 missingState=0 revmErrors=0 pendingReceived=23 pendingFilteredReceived=22 mempoolOpportunitySeen=1 mempoolToSim=0 cuProxyRpcCalls=0
[pool-updater] block=25423664 seeded v2=0 v3=3 watched=5/32 tickRefresh=1/1 4035ms
[searcher/live] hint tx=0xc6f2f4a6c1308665b6d8e9360f433b6cbdba7a524f58ea14352b361b37bf4425 src=mempool
[searcher/live] state update block=25423665 reason=block recent=0/24 pinned=8/8 watched=8
[pool-updater] ticks block=25423664 seeded=1 5350ms
[pool-updater] block=25423665 seeded v2=0 v3=3 watched=5/32 tickRefresh=1/1 376ms
[pool-updater] ticks block=25423665 seeded=1 864ms
[searcher/live] 0xc6f2f4a6 no matching graph pool
[searcher/live] 0xc6f2f4a6 end-to-end 11603ms
[searcher/live] counters hints=227 impacts=22 opportunities=1 plans=0 solverEntered=0 solverSuccess=0 revmSimSuccess=0 rpcVerifySuccess=0 simSuccess=0 submitAttempts=0 accepted=0 expiredBeforeSolver=0 quoteTimeouts=0 simReverts=0 finalVerifyFailed=0 finalVerifySkipped=0 missingState=0 revmErrors=0 pendingReceived=23 pendingFilteredReceived=22 mempoolOpportunitySeen=1 mempoolToSim=0 cuProxyRpcCalls=0
[searcher/live] hint tx=0x10a0e32498bec048f6108858df42e28fbc23b07eb494a7e30830679eeeb025d1 src=mev-share
[searcher/live] 0x10a0e324 log: addr=0xf78bf0da t0=0xb9c5ff08
[searcher/live] 0x10a0e324 log: addr=0xa0b86991 t0=0x8c5be1e5
[searcher/live] 0x10a0e324 skip: no matching graph pool
[searcher/live] 0x10a0e324 end-to-end 2ms
[searcher/live] counters hints=228 impacts=22 opportunities=1 plans=0 solverEntered=0 solverSuccess=0 revmSimSuccess=0 rpcVerifySuccess=0 simSuccess=0 submitAttempts=0 accepted=0 expiredBeforeSolver=0 quoteTimeouts=0 simReverts=0 finalVerifyFailed=0 finalVerifySkipped=0 missingState=0 revmErrors=0 pendingReceived=23 pendingFilteredReceived=22 mempoolOpportunitySeen=1 mempoolToSim=0 cuProxyRpcCalls=0
[searcher/live] hint tx=0xdef880c66ad0afc45a6d394af231ffc9d558f0e8d6d196944714cfdfde0d39bc src=mempool
[searcher/live] state update block=25423666 reason=block recent=0/24 pinned=8/8 watched=8
[pool-updater] block=25423666 seeded v2=0 v3=3 watched=5/32 tickRefresh=1/1 235ms
[pool-updater] ticks block=25423666 seeded=1 376ms
[searcher/live] 0xdef880c6 no matching graph pool
[searcher/live] 0xdef880c6 end-to-end 7506ms
[searcher/live] counters hints=229 impacts=22 opportunities=1 plans=0 solverEntered=0 solverSuccess=0 revmSimSuccess=0 rpcVerifySuccess=0 simSuccess=0 submitAttempts=0 accepted=0 expiredBeforeSolver=0 quoteTimeouts=0 simReverts=0 finalVerifyFailed=0 finalVerifySkipped=0 missingState=0 revmErrors=0 pendingReceived=23 pendingFilteredReceived=22 mempoolOpportunitySeen=1 mempoolToSim=0 cuProxyRpcCalls=0
[searcher/live] hint tx=0xd35982ef16d92ae679878f7b6c164b6107d208e6f99c78a6a0a82336e04556a6 src=mev-share
[searcher/live] 0xd35982ef log: addr=0xf78bf0da t0=0xb9c5ff08
[searcher/live] 0xd35982ef Transfer: token=0xa0b86991 from=0x1061ff34 to=0xcffad320
[searcher/live] 0xd35982ef token-index hit, trying RPC fetch
[searcher/live] 0xd35982ef skip: tx not available from RPC (private MEV-Share tx)
[searcher/live] 0xd35982ef end-to-end 755ms
[searcher/live] counters hints=230 impacts=22 opportunities=1 plans=0 solverEntered=0 solverSuccess=0 revmSimSuccess=0 rpcVerifySuccess=0 simSuccess=0 submitAttempts=0 accepted=0 expiredBeforeSolver=0 quoteTimeouts=0 simReverts=0 finalVerifyFailed=0 finalVerifySkipped=0 missingState=0 revmErrors=0 pendingReceived=23 pendingFilteredReceived=22 mempoolOpportunitySeen=1 mempoolToSim=0 cuProxyRpcCalls=0
[searcher/live] hint tx=0x95d79afe59d2d4940cd9e9c14a572a66dd93a9dff8654e6adecb112ddd95149a src=mempool
[searcher/live] 0x95d79afe skip: victim apply failed: 0x95d79afe59d2d4940cd9e9c14a572a66dd93a9dff8654e6adecb112ddd95149a
[searcher/live] 0x95d79afe end-to-end 1848ms
[searcher/live] counters hints=231 impacts=22 opportunities=1 plans=0 solverEntered=0 solverSuccess=0 revmSimSuccess=0 rpcVerifySuccess=0 simSuccess=0 submitAttempts=0 accepted=0 expiredBeforeSolver=0 quoteTimeouts=0 simReverts=0 finalVerifyFailed=0 finalVerifySkipped=0 missingState=0 revmErrors=0 pendingReceived=23 pendingFilteredReceived=22 mempoolOpportunitySeen=1 mempoolToSim=0 cuProxyRpcCalls=0
[searcher/live] hint tx=0xc0d9b3eb117a86d0ef163421c72ba709ddc5a42840c2e926b652903e33885add src=mev-share
[searcher/live] 0xc0d9b3eb log: addr=0xf78bf0da t0=0xb9c5ff08
[searcher/live] 0xc0d9b3eb Transfer: token=0xdac17f95 from=0xb7be4872 to=0x94e20b03
[searcher/live] 0xc0d9b3eb token-index hit, trying RPC fetch
[searcher/live] 0xc0d9b3eb skip: tx not available from RPC (private MEV-Share tx)
[searcher/live] 0xc0d9b3eb end-to-end 1070ms
[searcher/live] counters hints=232 impacts=22 opportunities=1 plans=0 solverEntered=0 solverSuccess=0 revmSimSuccess=0 rpcVerifySuccess=0 simSuccess=0 submitAttempts=0 accepted=0 expiredBeforeSolver=0 quoteTimeouts=0 simReverts=0 finalVerifyFailed=0 finalVerifySkipped=0 missingState=0 revmErrors=0 pendingReceived=24 pendingFilteredReceived=23 mempoolOpportunitySeen=1 mempoolToSim=0 cuProxyRpcCalls=0
[searcher/live] hint tx=0x403bde08c259056ef6d300540273db019d5abf428500bb36db5b6cc2cd68d8d5 src=mempool
[searcher/live] 0x403bde08 skip: victim apply failed: 0x403bde08c259056ef6d300540273db019d5abf428500bb36db5b6cc2cd68d8d5
[searcher/live] 0x403bde08 end-to-end 2026ms
[searcher/live] counters hints=233 impacts=22 opportunities=1 plans=0 solverEntered=0 solverSuccess=0 revmSimSuccess=0 rpcVerifySuccess=0 simSuccess=0 submitAttempts=0 accepted=0 expiredBeforeSolver=0 quoteTimeouts=0 simReverts=0 finalVerifyFailed=0 finalVerifySkipped=0 missingState=0 revmErrors=0 pendingReceived=24 pendingFilteredReceived=23 mempoolOpportunitySeen=1 mempoolToSim=0 cuProxyRpcCalls=0
[searcher/live] hint tx=0x8874873936bedcaa36a49b3fe40e3f89e8bc11eef2dc428e9108f4e0bfed2918 src=mev-share
[searcher/live] 0x88748739 log: addr=0xf78bf0da t0=0xb9c5ff08
[searcher/live] 0x88748739 Transfer: token=0xdac17f95 from=0x4a08cb0d to=0x5b8d2b4a
[searcher/live] 0x88748739 token-index hit, trying RPC fetch
[searcher/live] 0x88748739 skip: tx not available from RPC (private MEV-Share tx)
[searcher/live] 0x88748739 end-to-end 462ms
[searcher/live] counters hints=234 impacts=22 opportunities=1 plans=0 solverEntered=0 solverSuccess=0 revmSimSuccess=0 rpcVerifySuccess=0 simSuccess=0 submitAttempts=0 accepted=0 expiredBeforeSolver=0 quoteTimeouts=0 simReverts=0 finalVerifyFailed=0 finalVerifySkipped=0 missingState=0 revmErrors=0 pendingReceived=24 pendingFilteredReceived=23 mempoolOpportunitySeen=1 mempoolToSim=0 cuProxyRpcCalls=0
[searcher/live] hint tx=0xca6bf207f89604d1ee4ba3d4cb9919e9483d4a558c7e69098a8015ac56c23cfc src=mev-share
[searcher/live] 0xca6bf207 log: addr=0xf78bf0da t0=0xb9c5ff08
[searcher/live] 0xca6bf207 Transfer: token=0xeeeeeeee from=0x611ca9e2 to=0x38061268
[searcher/live] 0xca6bf207 skip: no matching graph pool
[searcher/live] 0xca6bf207 end-to-end 3ms
[searcher/live] counters hints=235 impacts=22 opportunities=1 plans=0 solverEntered=0 solverSuccess=0 revmSimSuccess=0 rpcVerifySuccess=0 simSuccess=0 submitAttempts=0 accepted=0 expiredBeforeSolver=0 quoteTimeouts=0 simReverts=0 finalVerifyFailed=0 finalVerifySkipped=0 missingState=0 revmErrors=0 pendingReceived=24 pendingFilteredReceived=23 mempoolOpportunitySeen=1 mempoolToSim=0 cuProxyRpcCalls=0
[searcher/live] hint tx=0xf9277d922977c127a5ec66f2b0901cb1de5ab45c58750c0efe799009485a9100 src=mev-share
[searcher/live] 0xf9277d92 log: addr=0xf78bf0da t0=0xb9c5ff08
[searcher/live] 0xf9277d92 Transfer: token=0xdac17f95 from=0xfa15b5dd to=0xc364e036
[searcher/live] 0xf9277d92 token-index hit, trying RPC fetch
[searcher/live] 0xf9277d92 skip: tx not available from RPC (private MEV-Share tx)
[searcher/live] 0xf9277d92 end-to-end 469ms
[searcher/live] counters hints=236 impacts=22 opportunities=1 plans=0 solverEntered=0 solverSuccess=0 revmSimSuccess=0 rpcVerifySuccess=0 simSuccess=0 submitAttempts=0 accepted=0 expiredBeforeSolver=0 quoteTimeouts=0 simReverts=0 finalVerifyFailed=0 finalVerifySkipped=0 missingState=0 revmErrors=0 pendingReceived=24 pendingFilteredReceived=23 mempoolOpportunitySeen=1 mempoolToSim=0 cuProxyRpcCalls=0
[searcher/live] hint tx=0xe17170c150e8ec6e97a0588112de4f92e43b4289edf494ad2358b97cd3ea3809 src=mev-share
[searcher/live] 0xe17170c1 hint has 31 logs (batch)
[searcher/live] 0xe17170c1 skip: no matching graph pool
[searcher/live] 0xe17170c1 end-to-end 4ms
[searcher/live] counters hints=237 impacts=22 opportunities=1 plans=0 solverEntered=0 solverSuccess=0 revmSimSuccess=0 rpcVerifySuccess=0 simSuccess=0 submitAttempts=0 accepted=0 expiredBeforeSolver=0 quoteTimeouts=0 simReverts=0 finalVerifyFailed=0 finalVerifySkipped=0 missingState=0 revmErrors=0 pendingReceived=24 pendingFilteredReceived=23 mempoolOpportunitySeen=1 mempoolToSim=0 cuProxyRpcCalls=0
[searcher/live] hint tx=0xf5ef4d90c12dd5aeab3855c93756bb20942adc50968ab0f375b52225a3541c42 src=mev-share
[searcher/live] 0xf5ef4d90 log: addr=0xf78bf0da t0=0xb9c5ff08
[searcher/live] 0xf5ef4d90 Transfer: token=0xeeeeeeee from=0x331d9a04 to=0x8a5d2679
[searcher/live] 0xf5ef4d90 skip: no matching graph pool
[searcher/live] 0xf5ef4d90 end-to-end 2ms
[searcher/live] counters hints=238 impacts=22 opportunities=1 plans=0 solverEntered=0 solverSuccess=0 revmSimSuccess=0 rpcVerifySuccess=0 simSuccess=0 submitAttempts=0 accepted=0 expiredBeforeSolver=0 quoteTimeouts=0 simReverts=0 finalVerifyFailed=0 finalVerifySkipped=0 missingState=0 revmErrors=0 pendingReceived=24 pendingFilteredReceived=23 mempoolOpportunitySeen=1 mempoolToSim=0 cuProxyRpcCalls=0
[searcher/live] hint tx=0x0a1f97a41e9c0c244187fa6e465fee25556c73ff64f6d07483731df23b11545e src=mev-share
[searcher/live] 0x0a1f97a4 log: addr=0xf78bf0da t0=0xb9c5ff08
[searcher/live] 0x0a1f97a4 Transfer: token=0xa0b86991 from=0xc9b452ce to=0xcffad320
[searcher/live] 0x0a1f97a4 token-index hit, trying RPC fetch
[searcher/live] 0x0a1f97a4 skip: tx not available from RPC (private MEV-Share tx)
[searcher/live] 0x0a1f97a4 end-to-end 460ms
[searcher/live] counters hints=239 impacts=22 opportunities=1 plans=0 solverEntered=0 solverSuccess=0 revmSimSuccess=0 rpcVerifySuccess=0 simSuccess=0 submitAttempts=0 accepted=0 expiredBeforeSolver=0 quoteTimeouts=0 simReverts=0 finalVerifyFailed=0 finalVerifySkipped=0 missingState=0 revmErrors=0 pendingReceived=24 pendingFilteredReceived=23 mempoolOpportunitySeen=1 mempoolToSim=0 cuProxyRpcCalls=0
[searcher/live] hint tx=0x90afe834b363c76fddd95cebd4f98636bebbb6d12223535695d7ad735e3bf341 src=mev-share
[searcher/live] 0x90afe834 log: addr=0xf78bf0da t0=0xb9c5ff08
[searcher/live] 0x90afe834 Transfer: token=0xa0b86991 from=0xf2d28759 to=0xcffad320
[searcher/live] 0x90afe834 token-index hit, trying RPC fetch
[searcher/live] 0x90afe834 skip: tx not available from RPC (private MEV-Share tx)
[searcher/live] 0x90afe834 end-to-end 472ms
[searcher/live] counters hints=240 impacts=22 opportunities=1 plans=0 solverEntered=0 solverSuccess=0 revmSimSuccess=0 rpcVerifySuccess=0 simSuccess=0 submitAttempts=0 accepted=0 expiredBeforeSolver=0 quoteTimeouts=0 simReverts=0 finalVerifyFailed=0 finalVerifySkipped=0 missingState=0 revmErrors=0 pendingReceived=24 pendingFilteredReceived=23 mempoolOpportunitySeen=1 mempoolToSim=0 cuProxyRpcCalls=0
[searcher/live] hint tx=0x37a40c1c1b6795a6edf1e55955c4eeb1e2d3d8b5c80b05e99490e764bc868e44 src=mev-share
[searcher/live] 0x37a40c1c log: addr=0xf78bf0da t0=0xb9c5ff08
[searcher/live] 0x37a40c1c Transfer: token=0xdac17f95 from=0x3ae84ea8 to=0xc364e036
[searcher/live] 0x37a40c1c token-index hit, trying RPC fetch
[searcher/live] 0x37a40c1c skip: tx not available from RPC (private MEV-Share tx)
[searcher/live] 0x37a40c1c end-to-end 481ms
[searcher/live] counters hints=241 impacts=22 opportunities=1 plans=0 solverEntered=0 solverSuccess=0 revmSimSuccess=0 rpcVerifySuccess=0 simSuccess=0 submitAttempts=0 accepted=0 expiredBeforeSolver=0 quoteTimeouts=0 simReverts=0 finalVerifyFailed=0 finalVerifySkipped=0 missingState=0 revmErrors=0 pendingReceived=24 pendingFilteredReceived=23 mempoolOpportunitySeen=1 mempoolToSim=0 cuProxyRpcCalls=0
[searcher/live] hint tx=0xe5028dbd939f529fdf5ecd770b441c92a25a326e557a23c1f269cd3609704a4d src=mev-share
[searcher/live] 0xe5028dbd log: addr=0xf78bf0da t0=0xb9c5ff08
[searcher/live] 0xe5028dbd Transfer: token=0xdac17f95 from=0x0265c63b to=0x78dff89b
[searcher/live] 0xe5028dbd token-index hit, trying RPC fetch
[searcher/live] 0xe5028dbd skip: tx not available from RPC (private MEV-Share tx)
[searcher/live] 0xe5028dbd end-to-end 461ms
[searcher/live] counters hints=242 impacts=22 opportunities=1 plans=0 solverEntered=0 solverSuccess=0 revmSimSuccess=0 rpcVerifySuccess=0 simSuccess=0 submitAttempts=0 accepted=0 expiredBeforeSolver=0 quoteTimeouts=0 simReverts=0 finalVerifyFailed=0 finalVerifySkipped=0 missingState=0 revmErrors=0 pendingReceived=24 pendingFilteredReceived=23 mempoolOpportunitySeen=1 mempoolToSim=0 cuProxyRpcCalls=0
[searcher/live] hint tx=0x959e9018392c840912e3b65ea60aa346f8a87e6bd98d5cbd9db055cfc35f42e3 src=mev-share
[searcher/live] 0x959e9018 hint has 10 logs (batch)
[searcher/live] 0x959e9018 token-index hit, trying RPC fetch
[searcher/live] 0x959e9018 skip: tx not available from RPC (private MEV-Share tx)
[searcher/live] 0x959e9018 end-to-end 457ms
[searcher/live] counters hints=243 impacts=22 opportunities=1 plans=0 solverEntered=0 solverSuccess=0 revmSimSuccess=0 rpcVerifySuccess=0 simSuccess=0 submitAttempts=0 accepted=0 expiredBeforeSolver=0 quoteTimeouts=0 simReverts=0 finalVerifyFailed=0 finalVerifySkipped=0 missingState=0 revmErrors=0 pendingReceived=24 pendingFilteredReceived=23 mempoolOpportunitySeen=1 mempoolToSim=0 cuProxyRpcCalls=0
[searcher/live] hint tx=0x3d3db6cf58cafe59cdc6903fe0485e9811c60e83821aee978a1b343cce490db5 src=mev-share
[searcher/live] 0x3d3db6cf log: addr=0xf78bf0da t0=0xb9c5ff08
[searcher/live] 0x3d3db6cf Transfer: token=0xa0b86991 from=0xa406cd48 to=0xcffad320
[searcher/live] 0x3d3db6cf token-index hit, trying RPC fetch
[searcher/live] 0x3d3db6cf skip: tx not available from RPC (private MEV-Share tx)
[searcher/live] 0x3d3db6cf end-to-end 473ms
[searcher/live] counters hints=244 impacts=22 opportunities=1 plans=0 solverEntered=0 solverSuccess=0 revmSimSuccess=0 rpcVerifySuccess=0 simSuccess=0 submitAttempts=0 accepted=0 expiredBeforeSolver=0 quoteTimeouts=0 simReverts=0 finalVerifyFailed=0 finalVerifySkipped=0 missingState=0 revmErrors=0 pendingReceived=24 pendingFilteredReceived=23 mempoolOpportunitySeen=1 mempoolToSim=0 cuProxyRpcCalls=0
[searcher/live] hint tx=0x292bbd8c5ffd5d18201241170f3798a1f6bda375303dbb048e60692da7a0b74e src=mev-share
[searcher/live] 0x292bbd8c log: addr=0xf78bf0da t0=0xb9c5ff08
[searcher/live] 0x292bbd8c Transfer: token=0xdac17f95 from=0x4cd00e38 to=0xf70da978
[searcher/live] 0x292bbd8c log: addr=0x4cd00e38 t0=0x4be10945
[searcher/live] 0x292bbd8c token-index hit, trying RPC fetch
[searcher/live] 0x292bbd8c skip: tx not available from RPC (private MEV-Share tx)
[searcher/live] 0x292bbd8c end-to-end 767ms
[searcher/live] counters hints=245 impacts=22 opportunities=1 plans=0 solverEntered=0 solverSuccess=0 revmSimSuccess=0 rpcVerifySuccess=0 simSuccess=0 submitAttempts=0 accepted=0 expiredBeforeSolver=0 quoteTimeouts=0 simReverts=0 finalVerifyFailed=0 finalVerifySkipped=0 missingState=0 revmErrors=0 pendingReceived=24 pendingFilteredReceived=23 mempoolOpportunitySeen=1 mempoolToSim=0 cuProxyRpcCalls=0
[searcher/live] hint tx=0x382431f5cac369c54c774af05466751fa55a82b34646fc4655d0b07aea09005f src=mev-share
[searcher/live] 0x382431f5 log: addr=0xf78bf0da t0=0xb9c5ff08
[searcher/live] 0x382431f5 Transfer: token=0xdac17f95 from=0x80964191 to=0x94e20b03
[searcher/live] 0x382431f5 token-index hit, trying RPC fetch
[searcher/live] 0x382431f5 skip: tx not available from RPC (private MEV-Share tx)
[searcher/live] 0x382431f5 end-to-end 466ms
[searcher/live] counters hints=246 impacts=22 opportunities=1 plans=0 solverEntered=0 solverSuccess=0 revmSimSuccess=0 rpcVerifySuccess=0 simSuccess=0 submitAttempts=0 accepted=0 expiredBeforeSolver=0 quoteTimeouts=0 simReverts=0 finalVerifyFailed=0 finalVerifySkipped=0 missingState=0 revmErrors=0 pendingReceived=24 pendingFilteredReceived=23 mempoolOpportunitySeen=1 mempoolToSim=0 cuProxyRpcCalls=0
[searcher/live] hint tx=0x6ea5d7b685ea68d6eec39dec75d8a54ba3ef14997f20134d238743e91fb09a4c src=mev-share
[searcher/live] 0x6ea5d7b6 log: addr=0xf78bf0da t0=0xb9c5ff08
[searcher/live] 0x6ea5d7b6 Transfer: token=0xa0b86991 from=0x8abb2fc6 to=0xa023f08c
[searcher/live] 0x6ea5d7b6 token-index hit, trying RPC fetch
[searcher/live] 0x6ea5d7b6 skip: tx not available from RPC (private MEV-Share tx)
[searcher/live] 0x6ea5d7b6 end-to-end 1080ms
[searcher/live] counters hints=247 impacts=22 opportunities=1 plans=0 solverEntered=0 solverSuccess=0 revmSimSuccess=0 rpcVerifySuccess=0 simSuccess=0 submitAttempts=0 accepted=0 expiredBeforeSolver=0 quoteTimeouts=0 simReverts=0 finalVerifyFailed=0 finalVerifySkipped=0 missingState=0 revmErrors=0 pendingReceived=24 pendingFilteredReceived=23 mempoolOpportunitySeen=1 mempoolToSim=0 cuProxyRpcCalls=0
[searcher/live] hint tx=0xf904439ea6853ee133ec2d315932db6e52db77e2bd7fc82e83e2ecafa3606f1f src=mev-share
[searcher/live] 0xf904439e log: addr=0xf78bf0da t0=0xb9c5ff08
[searcher/live] 0xf904439e Transfer: token=0xa0b86991 from=0x3a3855bc to=0xcffad320
[searcher/live] 0xf904439e token-index hit, trying RPC fetch
[searcher/live] 0xf904439e skip: tx not available from RPC (private MEV-Share tx)
[searcher/live] 0xf904439e end-to-end 459ms
[searcher/live] counters hints=248 impacts=22 opportunities=1 plans=0 solverEntered=0 solverSuccess=0 revmSimSuccess=0 rpcVerifySuccess=0 simSuccess=0 submitAttempts=0 accepted=0 expiredBeforeSolver=0 quoteTimeouts=0 simReverts=0 finalVerifyFailed=0 finalVerifySkipped=0 missingState=0 revmErrors=0 pendingReceived=24 pendingFilteredReceived=23 mempoolOpportunitySeen=1 mempoolToSim=0 cuProxyRpcCalls=0
[searcher/live] hint tx=0x7288ef5ff21744d4233b57fb17d0ac603099d542dd6966fc45311d07d648b662 src=mev-share
[searcher/live] 0x7288ef5f hint has 32 logs (batch)
[searcher/live] 0x7288ef5f token-index hit, trying RPC fetch
[searcher/live] state update block=25423667 reason=block recent=0/24 pinned=8/8 watched=8
[searcher/live] 0x7288ef5f skip: tx not available from RPC (private MEV-Share tx)
[searcher/live] 0x7288ef5f end-to-end 460ms
[searcher/live] counters hints=249 impacts=22 opportunities=1 plans=0 solverEntered=0 solverSuccess=0 revmSimSuccess=0 rpcVerifySuccess=0 simSuccess=0 submitAttempts=0 accepted=0 expiredBeforeSolver=0 quoteTimeouts=0 simReverts=0 finalVerifyFailed=0 finalVerifySkipped=0 missingState=0 revmErrors=0 pendingReceived=24 pendingFilteredReceived=23 mempoolOpportunitySeen=1 mempoolToSim=0 cuProxyRpcCalls=0
[pool-updater] block=25423667 seeded v2=0 v3=3 watched=5/32 tickRefresh=0/0 409ms
[searcher/live] hint tx=0x0a14cfb38a7804ece1d3d25d17f107324afb52722605a25f7fc86881f56a5655 src=mev-share
[searcher/live] 0x0a14cfb3 hint has 33 logs (batch)
[searcher/live] 0x0a14cfb3 token-index hit, trying RPC fetch
[searcher/live] 0x0a14cfb3 skip: tx not available from RPC (private MEV-Share tx)
[searcher/live] 0x0a14cfb3 end-to-end 463ms
[searcher/live] counters hints=250 impacts=22 opportunities=1 plans=0 solverEntered=0 solverSuccess=0 revmSimSuccess=0 rpcVerifySuccess=0 simSuccess=0 submitAttempts=0 accepted=0 expiredBeforeSolver=0 quoteTimeouts=0 simReverts=0 finalVerifyFailed=0 finalVerifySkipped=0 missingState=0 revmErrors=0 pendingReceived=24 pendingFilteredReceived=23 mempoolOpportunitySeen=1 mempoolToSim=0 cuProxyRpcCalls=0
[searcher/live] hint tx=0x1b29bc97d468ce1bfa922a4946537bb3acd77d63780990eeb4737f05d4e4c168 src=mev-share
[searcher/live] 0x1b29bc97 hint has 33 logs (batch)
[searcher/live] 0x1b29bc97 token-index hit, trying RPC fetch
[searcher/live] 0x1b29bc97 skip: tx not available from RPC (private MEV-Share tx)
[searcher/live] 0x1b29bc97 end-to-end 466ms
[searcher/live] counters hints=251 impacts=22 opportunities=1 plans=0 solverEntered=0 solverSuccess=0 revmSimSuccess=0 rpcVerifySuccess=0 simSuccess=0 submitAttempts=0 accepted=0 expiredBeforeSolver=0 quoteTimeouts=0 simReverts=0 finalVerifyFailed=0 finalVerifySkipped=0 missingState=0 revmErrors=0 pendingReceived=24 pendingFilteredReceived=23 mempoolOpportunitySeen=1 mempoolToSim=0 cuProxyRpcCalls=0
[searcher/live] hint tx=0xd1aca59bdca73a1f67e2646a59cc91658efeedf38a68003b6e0ac58624eeb5e5 src=mev-share
[searcher/live] 0xd1aca59b log: addr=0xf78bf0da t0=0xb9c5ff08
[searcher/live] 0xd1aca59b Transfer: token=0xa0b86991 from=0x7afacf82 to=0xcffad320
[searcher/live] 0xd1aca59b token-index hit, trying RPC fetch
[searcher/live] 0xd1aca59b skip: tx not available from RPC (private MEV-Share tx)
[searcher/live] 0xd1aca59b end-to-end 469ms
[searcher/live] counters hints=252 impacts=22 opportunities=1 plans=0 solverEntered=0 solverSuccess=0 revmSimSuccess=0 rpcVerifySuccess=0 simSuccess=0 submitAttempts=0 accepted=0 expiredBeforeSolver=0 quoteTimeouts=0 simReverts=0 finalVerifyFailed=0 finalVerifySkipped=0 missingState=0 revmErrors=0 pendingReceived=24 pendingFilteredReceived=23 mempoolOpportunitySeen=1 mempoolToSim=0 cuProxyRpcCalls=0
[searcher/live] SSE reconnect: terminated
[searcher/live] MEV-Share SSE connected
[searcher/live] hint tx=0xa7c35a6fda4455aeddd8979286e214a97fd097e8a3dc4b25adae395a09dafa96 src=mempool
[searcher/live] state update block=25423668 reason=block recent=0/24 pinned=8/8 watched=8
[pool-updater] block=25423668 seeded v2=0 v3=3 watched=5/32 tickRefresh=1/1 341ms
[pool-updater] ticks block=25423668 seeded=1 456ms
[searcher/live] 0xa7c35a6f no matching graph pool
[searcher/live] 0xa7c35a6f end-to-end 10046ms
[searcher/live] counters hints=253 impacts=22 opportunities=1 plans=0 solverEntered=0 solverSuccess=0 revmSimSuccess=0 rpcVerifySuccess=0 simSuccess=0 submitAttempts=0 accepted=0 expiredBeforeSolver=0 quoteTimeouts=0 simReverts=0 finalVerifyFailed=0 finalVerifySkipped=0 missingState=0 revmErrors=0 pendingReceived=28 pendingFilteredReceived=27 mempoolOpportunitySeen=1 mempoolToSim=0 cuProxyRpcCalls=0
[searcher/live] hint tx=0xb81013d4ace764ef7a13d59b38b935b79883d797efe8abd96ec56c7f29d2bb0c src=mev-share
[searcher/live] 0xb81013d4 log: addr=0xf78bf0da t0=0xb9c5ff08
[searcher/live] 0xb81013d4 Transfer: token=0xa0b86991 from=0xab9a84ed to=0x7abb4a5a
[searcher/live] 0xb81013d4 token-index hit, trying RPC fetch
[searcher/live] 0xb81013d4 skip: tx not available from RPC (private MEV-Share tx)
[searcher/live] 0xb81013d4 end-to-end 465ms
[searcher/live] counters hints=254 impacts=22 opportunities=1 plans=0 solverEntered=0 solverSuccess=0 revmSimSuccess=0 rpcVerifySuccess=0 simSuccess=0 submitAttempts=0 accepted=0 expiredBeforeSolver=0 quoteTimeouts=0 simReverts=0 finalVerifyFailed=0 finalVerifySkipped=0 missingState=0 revmErrors=0 pendingReceived=28 pendingFilteredReceived=27 mempoolOpportunitySeen=1 mempoolToSim=0 cuProxyRpcCalls=0
[searcher/live] hint tx=0x0b6bab37f90eddb617f69141ba0cfdc70b07701dee5146c5f2e82fdc99b684a0 src=mempool
[searcher/live] 0x0b6bab37 skip: victim apply failed: 0x0b6bab37f90eddb617f69141ba0cfdc70b07701dee5146c5f2e82fdc99b684a0
[searcher/live] 0x0b6bab37 end-to-end 1256ms
[searcher/live] counters hints=255 impacts=22 opportunities=1 plans=0 solverEntered=0 solverSuccess=0 revmSimSuccess=0 rpcVerifySuccess=0 simSuccess=0 submitAttempts=0 accepted=0 expiredBeforeSolver=0 quoteTimeouts=0 simReverts=0 finalVerifyFailed=0 finalVerifySkipped=0 missingState=0 revmErrors=0 pendingReceived=28 pendingFilteredReceived=27 mempoolOpportunitySeen=1 mempoolToSim=0 cuProxyRpcCalls=0
[searcher/live] hint tx=0xe7117dea4194ad414ec24553b2626371db3b8c68954866ecdf9d1ec918594292 src=mev-share
[searcher/live] 0xe7117dea log: addr=0xf78bf0da t0=0xb9c5ff08
[searcher/live] 0xe7117dea Transfer: token=0xdac17f95 from=0xca70d086 to=0x7b09fc3b
[searcher/live] 0xe7117dea token-index hit, trying RPC fetch
[searcher/live] 0xe7117dea skip: tx not available from RPC (private MEV-Share tx)
[searcher/live] 0xe7117dea end-to-end 773ms
[searcher/live] counters hints=256 impacts=22 opportunities=1 plans=0 solverEntered=0 solverSuccess=0 revmSimSuccess=0 rpcVerifySuccess=0 simSuccess=0 submitAttempts=0 accepted=0 expiredBeforeSolver=0 quoteTimeouts=0 simReverts=0 finalVerifyFailed=0 finalVerifySkipped=0 missingState=0 revmErrors=0 pendingReceived=28 pendingFilteredReceived=27 mempoolOpportunitySeen=1 mempoolToSim=0 cuProxyRpcCalls=0
[searcher/live] hint tx=0xf269fcbd1a46cfcde217e4b2bc5d17008e47213ffbd509803948ddedd4fdd438 src=mempool
[searcher/live] state update block=25423669 reason=block recent=0/24 pinned=8/8 watched=8
[pool-updater] block=25423669 seeded v2=0 v3=3 watched=5/32 tickRefresh=1/1 801ms
[pool-updater] ticks block=25423669 seeded=1 437ms
[searcher/live] 0xf269fcbd no matching graph pool
[searcher/live] 0xf269fcbd end-to-end 11891ms
[searcher/live] counters hints=257 impacts=22 opportunities=1 plans=0 solverEntered=0 solverSuccess=0 revmSimSuccess=0 rpcVerifySuccess=0 simSuccess=0 submitAttempts=0 accepted=0 expiredBeforeSolver=0 quoteTimeouts=0 simReverts=0 finalVerifyFailed=0 finalVerifySkipped=0 missingState=0 revmErrors=0 pendingReceived=30 pendingFilteredReceived=29 mempoolOpportunitySeen=1 mempoolToSim=0 cuProxyRpcCalls=0
[searcher/live] hint tx=0x180bb8d166a1f4ff4ceaad8a8d295a1b09f6bd53932740f7444b8e79885a1b11 src=mev-share
[searcher/live] 0x180bb8d1 log: addr=0xf78bf0da t0=0xb9c5ff08
[searcher/live] 0x180bb8d1 log: addr=0xc02aaa39 t0=0x8c5be1e5
[searcher/live] 0x180bb8d1 skip: no matching graph pool
[searcher/live] 0x180bb8d1 end-to-end 2ms
[searcher/live] counters hints=258 impacts=22 opportunities=1 plans=0 solverEntered=0 solverSuccess=0 revmSimSuccess=0 rpcVerifySuccess=0 simSuccess=0 submitAttempts=0 accepted=0 expiredBeforeSolver=0 quoteTimeouts=0 simReverts=0 finalVerifyFailed=0 finalVerifySkipped=0 missingState=0 revmErrors=0 pendingReceived=30 pendingFilteredReceived=29 mempoolOpportunitySeen=1 mempoolToSim=0 cuProxyRpcCalls=0
[searcher/live] hint tx=0x721a4a1adf9c1093cf9527860392c03bfc4b1e51eecb5729eb4146b21af7404d src=mempool
[searcher/live] state update block=25423670 reason=block recent=0/24 pinned=8/8 watched=8
[pool-updater] block=25423670 seeded v2=0 v3=3 watched=5/32 tickRefresh=1/1 238ms
[pool-updater] ticks block=25423670 seeded=1 344ms
[searcher/live] 0x721a4a1a no matching graph pool
[searcher/live] 0x721a4a1a end-to-end 12824ms
[searcher/live] counters hints=259 impacts=22 opportunities=1 plans=0 solverEntered=0 solverSuccess=0 revmSimSuccess=0 rpcVerifySuccess=0 simSuccess=0 submitAttempts=0 accepted=0 expiredBeforeSolver=0 quoteTimeouts=0 simReverts=0 finalVerifyFailed=0 finalVerifySkipped=0 missingState=0 revmErrors=0 pendingReceived=36 pendingFilteredReceived=35 mempoolOpportunitySeen=1 mempoolToSim=0 cuProxyRpcCalls=0
[searcher/live] hint tx=0xee12e87fe57865777300fa6f0e2c7e893eda73c68ef2c24cc9ab96bdfe91d17b src=mev-share
[searcher/live] 0xee12e87f log: addr=0xf78bf0da t0=0xb9c5ff08
[searcher/live] 0xee12e87f Transfer: token=0x69825081 from=0xbe056220 to=0xb334a61a
[searcher/live] 0xee12e87f skip: no matching graph pool
[searcher/live] 0xee12e87f end-to-end 2ms
[searcher/live] counters hints=260 impacts=22 opportunities=1 plans=0 solverEntered=0 solverSuccess=0 revmSimSuccess=0 rpcVerifySuccess=0 simSuccess=0 submitAttempts=0 accepted=0 expiredBeforeSolver=0 quoteTimeouts=0 simReverts=0 finalVerifyFailed=0 finalVerifySkipped=0 missingState=0 revmErrors=0 pendingReceived=36 pendingFilteredReceived=35 mempoolOpportunitySeen=1 mempoolToSim=0 cuProxyRpcCalls=0
[searcher/live] hint tx=0xb79f0a7dca27712c1c79f976134f45da6d83838dcd358040bf94069b4f6abf18 src=mempool
[searcher/live] state update block=25423671 reason=block recent=0/24 pinned=8/8 watched=8
[pool-updater] block=25423671 seeded v2=0 v3=3 watched=5/32 tickRefresh=0/0 258ms
[searcher/live] state update block=25423672 reason=block recent=0/24 pinned=8/8 watched=8
[pool-updater] block=25423672 seeded v2=0 v3=3 watched=5/32 tickRefresh=1/1 3290ms
[searcher/live] state update block=25423673 reason=block recent=0/24 pinned=8/8 watched=8
[searcher/live] 0xb79f0a7d skip: victim apply failed: 0xb79f0a7dca27712c1c79f976134f45da6d83838dcd358040bf94069b4f6abf18
[searcher/live] 0xb79f0a7d end-to-end 29169ms
[searcher/live] counters hints=261 impacts=22 opportunities=1 plans=0 solverEntered=0 solverSuccess=0 revmSimSuccess=0 rpcVerifySuccess=0 simSuccess=0 submitAttempts=0 accepted=0 expiredBeforeSolver=0 quoteTimeouts=0 simReverts=0 finalVerifyFailed=0 finalVerifySkipped=0 missingState=0 revmErrors=0 pendingReceived=37 pendingFilteredReceived=35 mempoolOpportunitySeen=1 mempoolToSim=0 cuProxyRpcCalls=0
[searcher/live] hint tx=0x8316a99d31e148b30207ba2530da1b83b8eb642956b2b3a7577b288f05b63817 src=mev-share
[searcher/live] 0x8316a99d log: addr=0xf78bf0da t0=0xb9c5ff08
[searcher/live] 0x8316a99d Transfer: token=0x95ad61b0 from=0xc8aa941d to=0x5bdf8521
[searcher/live] 0x8316a99d skip: no matching graph pool
[searcher/live] 0x8316a99d end-to-end 2ms
[searcher/live] counters hints=262 impacts=22 opportunities=1 plans=0 solverEntered=0 solverSuccess=0 revmSimSuccess=0 rpcVerifySuccess=0 simSuccess=0 submitAttempts=0 accepted=0 expiredBeforeSolver=0 quoteTimeouts=0 simReverts=0 finalVerifyFailed=0 finalVerifySkipped=0 missingState=0 revmErrors=0 pendingReceived=37 pendingFilteredReceived=35 mempoolOpportunitySeen=1 mempoolToSim=0 cuProxyRpcCalls=0
[searcher/live] hint tx=0x8f1dd87f23c6249c8e2b1bddc59862ede3e417c7aca95602ee09f6ae16ace543 src=mempool
[searcher/live] 0x8f1dd87f skip: victim apply failed: 0x8f1dd87f23c6249c8e2b1bddc59862ede3e417c7aca95602ee09f6ae16ace543
[searcher/live] 0x8f1dd87f end-to-end 1732ms
[searcher/live] counters hints=263 impacts=22 opportunities=1 plans=0 solverEntered=0 solverSuccess=0 revmSimSuccess=0 rpcVerifySuccess=0 simSuccess=0 submitAttempts=0 accepted=0 expiredBeforeSolver=0 quoteTimeouts=0 simReverts=0 finalVerifyFailed=0 finalVerifySkipped=0 missingState=0 revmErrors=0 pendingReceived=38 pendingFilteredReceived=36 mempoolOpportunitySeen=1 mempoolToSim=0 cuProxyRpcCalls=0
[searcher/live] hint tx=0xc9e723836f838a01c473c78657398a84f62639aa613c3bf1307c89470281bd6a src=mev-share
[searcher/live] 0xc9e72383 log: addr=0xf78bf0da t0=0xb9c5ff08
[searcher/live] 0xc9e72383 Transfer: token=0xdac17f95 from=0x7d82f616 to=0x2df9b935
[searcher/live] 0xc9e72383 token-index hit, trying RPC fetch
[searcher/live] 0xc9e72383 skip: tx not available from RPC (private MEV-Share tx)
[searcher/live] 0xc9e72383 end-to-end 1666ms
[searcher/live] counters hints=264 impacts=22 opportunities=1 plans=0 solverEntered=0 solverSuccess=0 revmSimSuccess=0 rpcVerifySuccess=0 simSuccess=0 submitAttempts=0 accepted=0 expiredBeforeSolver=0 quoteTimeouts=0 simReverts=0 finalVerifyFailed=0 finalVerifySkipped=0 missingState=0 revmErrors=0 pendingReceived=38 pendingFilteredReceived=36 mempoolOpportunitySeen=1 mempoolToSim=0 cuProxyRpcCalls=0
[pool-updater] ticks block=25423672 seeded=1 10424ms
[pool-updater] block=25423673 seeded v2=0 v3=3 watched=5/32 tickRefresh=1/1 5259ms
[searcher/live] hint tx=0x936086b4673b8302fc865fd1c868dc544ace797ed8f485d539e74132d540b1a2 src=mempool
[searcher/live] 0x936086b4 skip: victim apply failed: 0x936086b4673b8302fc865fd1c868dc544ace797ed8f485d539e74132d540b1a2
[searcher/live] 0x936086b4 end-to-end 2111ms
[searcher/live] counters hints=265 impacts=22 opportunities=1 plans=0 solverEntered=0 solverSuccess=0 revmSimSuccess=0 rpcVerifySuccess=0 simSuccess=0 submitAttempts=0 accepted=0 expiredBeforeSolver=0 quoteTimeouts=0 simReverts=0 finalVerifyFailed=0 finalVerifySkipped=0 missingState=0 revmErrors=0 pendingReceived=40 pendingFilteredReceived=38 mempoolOpportunitySeen=1 mempoolToSim=0 cuProxyRpcCalls=0
[searcher/live] hint tx=0xf24f6eccb19f7305a03718e56d0c5082ec1f5e019234eb79c2ccee742a7c8851 src=mev-share
[searcher/live] 0xf24f6ecc log: addr=0xf78bf0da t0=0xb9c5ff08
[searcher/live] 0xf24f6ecc Transfer: token=0xa0b86991 from=0xfc787158 to=0x1ab4973a
[searcher/live] 0xf24f6ecc token-index hit, trying RPC fetch
[searcher/live] state update block=25423674 reason=block recent=0/24 pinned=8/8 watched=8
[searcher/live] 0xf24f6ecc skip: tx not available from RPC (private MEV-Share tx)
[searcher/live] 0xf24f6ecc end-to-end 10064ms
[searcher/live] counters hints=266 impacts=22 opportunities=1 plans=0 solverEntered=0 solverSuccess=0 revmSimSuccess=0 rpcVerifySuccess=0 simSuccess=0 submitAttempts=0 accepted=0 expiredBeforeSolver=0 quoteTimeouts=0 simReverts=0 finalVerifyFailed=0 finalVerifySkipped=0 missingState=0 revmErrors=0 pendingReceived=40 pendingFilteredReceived=38 mempoolOpportunitySeen=1 mempoolToSim=0 cuProxyRpcCalls=0
[pool-updater] ticks block=25423673 seeded=1 12191ms
[searcher/live] SSE reconnect: terminated
[pool-updater] block=25423674 seeded v2=0 v3=3 watched=5/32 tickRefresh=1/1 4418ms
[searcher/live] hint tx=0x9baac6b822a2063e85ea97c97d525dc8208595e98f4c8607e6defbf35e4d3b2d src=mempool
[searcher/live] 0x9baac6b8 skip: victim apply failed: 0x9baac6b822a2063e85ea97c97d525dc8208595e98f4c8607e6defbf35e4d3b2d
[searcher/live] 0x9baac6b8 end-to-end 1396ms
[searcher/live] counters hints=267 impacts=22 opportunities=1 plans=0 solverEntered=0 solverSuccess=0 revmSimSuccess=0 rpcVerifySuccess=0 simSuccess=0 submitAttempts=0 accepted=0 expiredBeforeSolver=0 quoteTimeouts=0 simReverts=0 finalVerifyFailed=0 finalVerifySkipped=0 missingState=0 revmErrors=0 pendingReceived=40 pendingFilteredReceived=38 mempoolOpportunitySeen=1 mempoolToSim=0 cuProxyRpcCalls=0
[searcher/live] hint tx=0x3e475d4d6069ffec5787e8104c649e156287d62328dd444e98936b90c2b4665d src=mempool
[searcher/live] MEV-Share SSE connected
[searcher/live] 0x3e475d4d skip: victim apply failed: 0x3e475d4d6069ffec5787e8104c649e156287d62328dd444e98936b90c2b4665d
[searcher/live] 0x3e475d4d end-to-end 1749ms
[searcher/live] counters hints=268 impacts=22 opportunities=1 plans=0 solverEntered=0 solverSuccess=0 revmSimSuccess=0 rpcVerifySuccess=0 simSuccess=0 submitAttempts=0 accepted=0 expiredBeforeSolver=0 quoteTimeouts=0 simReverts=0 finalVerifyFailed=0 finalVerifySkipped=0 missingState=0 revmErrors=0 pendingReceived=40 pendingFilteredReceived=38 mempoolOpportunitySeen=1 mempoolToSim=0 cuProxyRpcCalls=0
[searcher/live] hint tx=0x730f79303bd04b8f117247f2383f7f4ccc4d97cfe3d781c32ee1149dabbb1942 src=mev-share
[searcher/live] 0x730f7930 log: addr=0xf78bf0da t0=0xb9c5ff08
[searcher/live] 0x730f7930 Transfer: token=0xdac17f95 from=0x49806049 to=0x090e6558
[searcher/live] 0x730f7930 token-index hit, trying RPC fetch
[searcher/live] 0x730f7930 skip: tx not available from RPC (private MEV-Share tx)
[searcher/live] 0x730f7930 end-to-end 2572ms
[searcher/live] counters hints=269 impacts=22 opportunities=1 plans=0 solverEntered=0 solverSuccess=0 revmSimSuccess=0 rpcVerifySuccess=0 simSuccess=0 submitAttempts=0 accepted=0 expiredBeforeSolver=0 quoteTimeouts=0 simReverts=0 finalVerifyFailed=0 finalVerifySkipped=0 missingState=0 revmErrors=0 pendingReceived=40 pendingFilteredReceived=38 mempoolOpportunitySeen=1 mempoolToSim=0 cuProxyRpcCalls=0
[pool-updater] ticks block=25423674 seeded=1 5729ms
[searcher/live] hint tx=0x5887a7c0c2f2724b7ed2a794f4c5bc739f3d2487e1d32d6fedb130a58dacd96b src=mempool
[searcher/live] 0x5887a7c0 skip: victim apply failed: 0x5887a7c0c2f2724b7ed2a794f4c5bc739f3d2487e1d32d6fedb130a58dacd96b
[searcher/live] 0x5887a7c0 end-to-end 1595ms
[searcher/live] counters hints=270 impacts=22 opportunities=1 plans=0 solverEntered=0 solverSuccess=0 revmSimSuccess=0 rpcVerifySuccess=0 simSuccess=0 submitAttempts=0 accepted=0 expiredBeforeSolver=0 quoteTimeouts=0 simReverts=0 finalVerifyFailed=0 finalVerifySkipped=0 missingState=0 revmErrors=0 pendingReceived=40 pendingFilteredReceived=38 mempoolOpportunitySeen=1 mempoolToSim=0 cuProxyRpcCalls=0
[searcher/live] hint tx=0x131e2c5f1a5350179d42e76c4941ce100e7a2695e74737a1df6ec34710543ee3 src=mev-share
[searcher/live] 0x131e2c5f hint has 6 logs (batch)
[searcher/live] 0x131e2c5f token-index hit, trying RPC fetch
[searcher/live] state update block=25423675 reason=block recent=0/24 pinned=8/8 watched=8
[searcher/live] 0x131e2c5f skip: tx not available from RPC (private MEV-Share tx)
[searcher/live] 0x131e2c5f end-to-end 2705ms
[searcher/live] counters hints=271 impacts=22 opportunities=1 plans=0 solverEntered=0 solverSuccess=0 revmSimSuccess=0 rpcVerifySuccess=0 simSuccess=0 submitAttempts=0 accepted=0 expiredBeforeSolver=0 quoteTimeouts=0 simReverts=0 finalVerifyFailed=0 finalVerifySkipped=0 missingState=0 revmErrors=0 pendingReceived=40 pendingFilteredReceived=38 mempoolOpportunitySeen=1 mempoolToSim=0 cuProxyRpcCalls=0
[pool-updater] block=25423675 seeded v2=0 v3=3 watched=5/32 tickRefresh=0/0 1814ms
[searcher/live] hint tx=0x280a817a6a88c6c138d936cf58e801ad38c18559613bfbe58f6643320a1e77aa src=mempool
[searcher/live] 0x280a817a skip: victim apply failed: 0x280a817a6a88c6c138d936cf58e801ad38c18559613bfbe58f6643320a1e77aa
[searcher/live] 0x280a817a end-to-end 1374ms
[searcher/live] counters hints=272 impacts=22 opportunities=1 plans=0 solverEntered=0 solverSuccess=0 revmSimSuccess=0 rpcVerifySuccess=0 simSuccess=0 submitAttempts=0 accepted=0 expiredBeforeSolver=0 quoteTimeouts=0 simReverts=0 finalVerifyFailed=0 finalVerifySkipped=0 missingState=0 revmErrors=0 pendingReceived=40 pendingFilteredReceived=38 mempoolOpportunitySeen=1 mempoolToSim=0 cuProxyRpcCalls=0
[searcher/live] hint tx=0x8b4a034c641f4fb89794da7eadc08b7b6797ff57bf09d5bc3ad8e26dd30013ba src=mev-share
[searcher/live] 0x8b4a034c log: addr=0xf78bf0da t0=0xb9c5ff08
[searcher/live] 0x8b4a034c Transfer: token=0xdac17f95 from=0x58d7420c to=0xf4625926
[searcher/live] 0x8b4a034c token-index hit, trying RPC fetch
[searcher/live] 0x8b4a034c skip: tx not available from RPC (private MEV-Share tx)
[searcher/live] 0x8b4a034c end-to-end 7989ms
[searcher/live] counters hints=273 impacts=22 opportunities=1 plans=0 solverEntered=0 solverSuccess=0 revmSimSuccess=0 rpcVerifySuccess=0 simSuccess=0 submitAttempts=0 accepted=0 expiredBeforeSolver=0 quoteTimeouts=0 simReverts=0 finalVerifyFailed=0 finalVerifySkipped=0 missingState=0 revmErrors=0 pendingReceived=41 pendingFilteredReceived=39 mempoolOpportunitySeen=1 mempoolToSim=0 cuProxyRpcCalls=0
[searcher/live] hint tx=0xbad70188e75e3f2bbab9650a0e59ef87566e85ff7ff9f53123edc3c511999e34 src=mempool
[searcher/live] state update block=25423676 reason=block recent=0/24 pinned=8/8 watched=8
[pool-updater] block=25423676 seeded v2=0 v3=3 watched=5/32 tickRefresh=1/1 279ms
[pool-updater] ticks block=25423676 seeded=1 1130ms
[discovery] scanned 25 blocks: 265 active pools, taking top 200
[token-graph] built 242 edges from 119 pools
[searcher/live] refresh: +119 pools, +242 edges (total 4904)
[searcher/live] state update block=25423677 reason=block recent=0/24 pinned=8/8 watched=8
[pool-updater] block=25423677 seeded v2=0 v3=3 watched=5/32 tickRefresh=1/1 289ms
[pool-updater] ticks block=25423677 seeded=1 1108ms
[searcher/live] detector: 2 opportunities — found in 23044ms (match=1ms fork=24ms prep=23014ms detect=5ms total=23044ms)
[searcher/live] planner: 20 candidate plans
[searcher/live] opportunity expired (23062ms > TTL 5000ms) — never reached solver. stage breakdown: match=1ms fork=24ms prep=23014ms detect=5ms plan=18ms total=23062ms
[searcher/live] 0xbad70188 end-to-end 23063ms
[searcher/live] counters hints=274 impacts=24 opportunities=3 plans=20 solverEntered=0 solverSuccess=0 revmSimSuccess=0 rpcVerifySuccess=0 simSuccess=0 submitAttempts=0 accepted=0 expiredBeforeSolver=1 quoteTimeouts=0 simReverts=0 finalVerifyFailed=0 finalVerifySkipped=0 missingState=0 revmErrors=0 pendingReceived=43 pendingFilteredReceived=41 mempoolOpportunitySeen=3 mempoolToSim=0 cuProxyRpcCalls=0
[searcher/live] hint tx=0xaaf92de02a1feb7942060d4f4aae71c1e3785354adec648e376526e6a8414eb6 src=mev-share
[searcher/live] 0xaaf92de0 log: addr=0xf78bf0da t0=0xb9c5ff08
[searcher/live] 0xaaf92de0 skip: no matching graph pool
[searcher/live] 0xaaf92de0 end-to-end 2ms
[searcher/live] counters hints=275 impacts=24 opportunities=3 plans=20 solverEntered=0 solverSuccess=0 revmSimSuccess=0 rpcVerifySuccess=0 simSuccess=0 submitAttempts=0 accepted=0 expiredBeforeSolver=1 quoteTimeouts=0 simReverts=0 finalVerifyFailed=0 finalVerifySkipped=0 missingState=0 revmErrors=0 pendingReceived=43 pendingFilteredReceived=41 mempoolOpportunitySeen=3 mempoolToSim=0 cuProxyRpcCalls=0
[searcher/live] hint tx=0x0004aa7eedc3edae6ccb129ee5e4a832f72b69e6e88bccc8d8468fbb4eab7250 src=mempool
[searcher/live] state update block=25423678 reason=block recent=4/24 pinned=8/8 watched=12
[pool-updater] block=25423678 seeded v2=0 v3=5 watched=9/32 tickRefresh=1/3 598ms
[pool-updater] ticks block=25423678 seeded=1 711ms
[searcher/live] 0x0004aa7e no matching graph pool
[searcher/live] 0x0004aa7e end-to-end 3023ms
[searcher/live] counters hints=276 impacts=24 opportunities=3 plans=20 solverEntered=0 solverSuccess=0 revmSimSuccess=0 rpcVerifySuccess=0 simSuccess=0 submitAttempts=0 accepted=0 expiredBeforeSolver=1 quoteTimeouts=0 simReverts=0 finalVerifyFailed=0 finalVerifySkipped=0 missingState=0 revmErrors=0 pendingReceived=43 pendingFilteredReceived=41 mempoolOpportunitySeen=3 mempoolToSim=0 cuProxyRpcCalls=0
[searcher/live] hint tx=0x82f3d2faa4f77bb6dc36ca11bbe7b7603e5652228d878d1c824c25781c3a4524 src=mev-share
[searcher/live] 0x82f3d2fa log: addr=0xf78bf0da t0=0xb9c5ff08
[searcher/live] 0x82f3d2fa Transfer: token=0xeeeeeeee from=0x5f8b1aa9 to=0x167a9333
[searcher/live] 0x82f3d2fa skip: no matching graph pool
[searcher/live] 0x82f3d2fa end-to-end 1ms
[searcher/live] counters hints=277 impacts=24 opportunities=3 plans=20 solverEntered=0 solverSuccess=0 revmSimSuccess=0 rpcVerifySuccess=0 simSuccess=0 submitAttempts=0 accepted=0 expiredBeforeSolver=1 quoteTimeouts=0 simReverts=0 finalVerifyFailed=0 finalVerifySkipped=0 missingState=0 revmErrors=0 pendingReceived=43 pendingFilteredReceived=41 mempoolOpportunitySeen=3 mempoolToSim=0 cuProxyRpcCalls=0
[searcher/live] hint tx=0x554092da33f2560c08a1f1a3f1830d5858af6d2c80b64fe61f243130ee8a9258 src=mempool
[searcher/live] 0x554092da skip: victim apply failed: 0x554092da33f2560c08a1f1a3f1830d5858af6d2c80b64fe61f243130ee8a9258
[searcher/live] 0x554092da end-to-end 1209ms
[searcher/live] counters hints=278 impacts=24 opportunities=3 plans=20 solverEntered=0 solverSuccess=0 revmSimSuccess=0 rpcVerifySuccess=0 simSuccess=0 submitAttempts=0 accepted=0 expiredBeforeSolver=1 quoteTimeouts=0 simReverts=0 finalVerifyFailed=0 finalVerifySkipped=0 missingState=0 revmErrors=0 pendingReceived=43 pendingFilteredReceived=41 mempoolOpportunitySeen=3 mempoolToSim=0 cuProxyRpcCalls=0
[searcher/live] hint tx=0xcc13ee4ef290805614f80aeb0d38df9d3a598ace5258c0b77b0eb1660f83e4e3 src=mev-share
[searcher/live] 0xcc13ee4e log: addr=0xf78bf0da t0=0xb9c5ff08
[searcher/live] 0xcc13ee4e Transfer: token=0x104e363a from=0x6e68b98c to=0xc1e9d040
[searcher/live] 0xcc13ee4e skip: no matching graph pool
[searcher/live] 0xcc13ee4e end-to-end 2ms
[searcher/live] counters hints=279 impacts=24 opportunities=3 plans=20 solverEntered=0 solverSuccess=0 revmSimSuccess=0 rpcVerifySuccess=0 simSuccess=0 submitAttempts=0 accepted=0 expiredBeforeSolver=1 quoteTimeouts=0 simReverts=0 finalVerifyFailed=0 finalVerifySkipped=0 missingState=0 revmErrors=0 pendingReceived=43 pendingFilteredReceived=41 mempoolOpportunitySeen=3 mempoolToSim=0 cuProxyRpcCalls=0
[searcher/live] hint tx=0xcc0f064783d9adbdcdd4eeaf6a5528679a42d8c8980df3ef0f35e926ad81f2c4 src=mempool
[searcher/live] 0xcc0f0647 skip: victim apply failed: 0xcc0f064783d9adbdcdd4eeaf6a5528679a42d8c8980df3ef0f35e926ad81f2c4
[searcher/live] 0xcc0f0647 end-to-end 1213ms
[searcher/live] counters hints=280 impacts=24 opportunities=3 plans=20 solverEntered=0 solverSuccess=0 revmSimSuccess=0 rpcVerifySuccess=0 simSuccess=0 submitAttempts=0 accepted=0 expiredBeforeSolver=1 quoteTimeouts=0 simReverts=0 finalVerifyFailed=0 finalVerifySkipped=0 missingState=0 revmErrors=0 pendingReceived=43 pendingFilteredReceived=41 mempoolOpportunitySeen=3 mempoolToSim=0 cuProxyRpcCalls=0
[searcher/live] hint tx=0x449c9858ce49003e90fa3ecab96be794a94d4fcfd950f05b074dbc5e16408c3f src=mev-share
[searcher/live] 0x449c9858 hint has 6 logs (batch)
[searcher/live] 0x449c9858 skip: no matching graph pool
[searcher/live] 0x449c9858 end-to-end 2ms
[searcher/live] counters hints=281 impacts=24 opportunities=3 plans=20 solverEntered=0 solverSuccess=0 revmSimSuccess=0 rpcVerifySuccess=0 simSuccess=0 submitAttempts=0 accepted=0 expiredBeforeSolver=1 quoteTimeouts=0 simReverts=0 finalVerifyFailed=0 finalVerifySkipped=0 missingState=0 revmErrors=0 pendingReceived=43 pendingFilteredReceived=41 mempoolOpportunitySeen=3 mempoolToSim=0 cuProxyRpcCalls=0
[searcher/live] hint tx=0xbf9e082cd6be355e0ad9e7ca0536750f676062dfb8da5aadb2f328b4bc4aaf3b src=mempool
[searcher/live] state update block=25423679 reason=block recent=4/24 pinned=8/8 watched=12
[pool-updater] block=25423679 seeded v2=0 v3=5 watched=9/32 tickRefresh=1/2 606ms
[pool-updater] ticks block=25423679 seeded=1 666ms
[searcher/live] detector: 1 opportunities — found in 12133ms (match=2ms fork=25ms prep=12101ms detect=5ms total=12133ms)
[searcher/live] planner: 20 candidate plans
[searcher/live] opportunity expired (12144ms > TTL 5000ms) — never reached solver. stage breakdown: match=2ms fork=25ms prep=12101ms detect=5ms plan=11ms total=12144ms
[searcher/live] 0xbf9e082c end-to-end 12145ms
[searcher/live] counters hints=282 impacts=25 opportunities=4 plans=40 solverEntered=0 solverSuccess=0 revmSimSuccess=0 rpcVerifySuccess=0 simSuccess=0 submitAttempts=0 accepted=0 expiredBeforeSolver=2 quoteTimeouts=0 simReverts=0 finalVerifyFailed=0 finalVerifySkipped=0 missingState=0 revmErrors=0 pendingReceived=47 pendingFilteredReceived=45 mempoolOpportunitySeen=4 mempoolToSim=0 cuProxyRpcCalls=0
[searcher/live] hint tx=0x9014cd407ad809b44ab387481b7785e8f81e8a5775fc1aff222dc255ec48a62f src=mev-share
[searcher/live] 0x9014cd40 hint has 39 logs (batch)
[searcher/live] 0x9014cd40 token-index hit, trying RPC fetch
[searcher/live] 0x9014cd40 skip: tx not available from RPC (private MEV-Share tx)
[searcher/live] 0x9014cd40 end-to-end 472ms
[searcher/live] counters hints=283 impacts=25 opportunities=4 plans=40 solverEntered=0 solverSuccess=0 revmSimSuccess=0 rpcVerifySuccess=0 simSuccess=0 submitAttempts=0 accepted=0 expiredBeforeSolver=2 quoteTimeouts=0 simReverts=0 finalVerifyFailed=0 finalVerifySkipped=0 missingState=0 revmErrors=0 pendingReceived=47 pendingFilteredReceived=45 mempoolOpportunitySeen=4 mempoolToSim=0 cuProxyRpcCalls=0
[searcher/live] hint tx=0x53dc448ea136f788af5c888193e35a41ebc9642c54c07858a3aaa9acca59a58d src=mempool
[searcher/live] state update block=25423680 reason=block recent=9/24 pinned=8/8 watched=17
[searcher/live] detector: 1 opportunities — found in 8385ms (match=2ms fork=25ms prep=8348ms detect=10ms total=8385ms)
[searcher/live] planner: 20 candidate plans
[searcher/live] opportunity expired (8393ms > TTL 5000ms) — never reached solver. stage breakdown: match=2ms fork=25ms prep=8348ms detect=10ms plan=8ms total=8393ms
[searcher/live] 0x53dc448e end-to-end 8393ms
[searcher/live] counters hints=284 impacts=26 opportunities=5 plans=60 solverEntered=0 solverSuccess=0 revmSimSuccess=0 rpcVerifySuccess=0 simSuccess=0 submitAttempts=0 accepted=0 expiredBeforeSolver=3 quoteTimeouts=0 simReverts=0 finalVerifyFailed=0 finalVerifySkipped=0 missingState=0 revmErrors=0 pendingReceived=48 pendingFilteredReceived=46 mempoolOpportunitySeen=5 mempoolToSim=0 cuProxyRpcCalls=0
[searcher/live] hint tx=0x5bde11a0dcbf28cb78c64e41b341584f438643d23487cbc5c46ed05ed66f2b78 src=mev-share
[searcher/live] 0x5bde11a0 log: addr=0xf78bf0da t0=0xb9c5ff08
[searcher/live] 0x5bde11a0 Transfer: token=0xa0b86991 from=0x4c2c0f0b to=0xc079c8d7
[searcher/live] 0x5bde11a0 token-index hit, trying RPC fetch
[pool-updater] block=25423680 seeded v2=1 v3=8 watched=13/32 tickRefresh=1/5 1317ms
[searcher/live] 0x5bde11a0 skip: tx not available from RPC (private MEV-Share tx)
[searcher/live] 0x5bde11a0 end-to-end 904ms
[searcher/live] counters hints=285 impacts=26 opportunities=5 plans=60 solverEntered=0 solverSuccess=0 revmSimSuccess=0 rpcVerifySuccess=0 simSuccess=0 submitAttempts=0 accepted=0 expiredBeforeSolver=3 quoteTimeouts=0 simReverts=0 finalVerifyFailed=0 finalVerifySkipped=0 missingState=0 revmErrors=0 pendingReceived=48 pendingFilteredReceived=46 mempoolOpportunitySeen=5 mempoolToSim=0 cuProxyRpcCalls=0
[searcher/live] hint tx=0x21a40f6cff132428856df860fb716c9fc32550c6e7f6cdec33b8589f132a08c6 src=mempool
[searcher/live] 0x21a40f6c skip: victim apply failed: 0x21a40f6cff132428856df860fb716c9fc32550c6e7f6cdec33b8589f132a08c6
[searcher/live] 0x21a40f6c end-to-end 1235ms
[searcher/live] counters hints=286 impacts=26 opportunities=5 plans=60 solverEntered=0 solverSuccess=0 revmSimSuccess=0 rpcVerifySuccess=0 simSuccess=0 submitAttempts=0 accepted=0 expiredBeforeSolver=3 quoteTimeouts=0 simReverts=0 finalVerifyFailed=0 finalVerifySkipped=0 missingState=0 revmErrors=0 pendingReceived=51 pendingFilteredReceived=49 mempoolOpportunitySeen=5 mempoolToSim=0 cuProxyRpcCalls=0
[searcher/live] hint tx=0x985f00ebbab0e0cce18fcc3331b867cde8a45a4e6391dbd0e18f56adfd668fa1 src=mev-share
[searcher/live] 0x985f00eb log: addr=0xf78bf0da t0=0xb9c5ff08
[searcher/live] 0x985f00eb Transfer: token=0xdac17f95 from=0xc725eae0 to=0x694d4560
[searcher/live] 0x985f00eb token-index hit, trying RPC fetch
[pool-updater] ticks block=25423680 seeded=1 1802ms
[searcher/live] 0x985f00eb skip: tx not available from RPC (private MEV-Share tx)
[searcher/live] 0x985f00eb end-to-end 459ms
[searcher/live] counters hints=287 impacts=26 opportunities=5 plans=60 solverEntered=0 solverSuccess=0 revmSimSuccess=0 rpcVerifySuccess=0 simSuccess=0 submitAttempts=0 accepted=0 expiredBeforeSolver=3 quoteTimeouts=0 simReverts=0 finalVerifyFailed=0 finalVerifySkipped=0 missingState=0 revmErrors=0 pendingReceived=51 pendingFilteredReceived=49 mempoolOpportunitySeen=5 mempoolToSim=0 cuProxyRpcCalls=0
[searcher/live] hint tx=0x5c8db2b94e1d9a96935897b20a2dbccd8ff2e355a32301a94945ce781be6c6be src=mempool
[searcher/live] state update block=25423681 reason=block recent=9/24 pinned=8/8 watched=17
[pool-updater] block=25423681 seeded v2=1 v3=8 watched=13/32 tickRefresh=1/5 635ms
[pool-updater] ticks block=25423681 seeded=1 340ms
[searcher/live] 0x5c8db2b9 no matching graph pool
[searcher/live] 0x5c8db2b9 end-to-end 14459ms
[searcher/live] counters hints=288 impacts=26 opportunities=5 plans=60 solverEntered=0 solverSuccess=0 revmSimSuccess=0 rpcVerifySuccess=0 simSuccess=0 submitAttempts=0 accepted=0 expiredBeforeSolver=3 quoteTimeouts=0 simReverts=0 finalVerifyFailed=0 finalVerifySkipped=0 missingState=0 revmErrors=0 pendingReceived=55 pendingFilteredReceived=53 mempoolOpportunitySeen=5 mempoolToSim=0 cuProxyRpcCalls=0
[searcher/live] hint tx=0x13ba3606b00b40945690ce7d2ed80d962c645b56b2e614e1f587a75d2c293aeb src=mev-share
[searcher/live] 0x13ba3606 log: addr=0xf78bf0da t0=0xb9c5ff08
[searcher/live] 0x13ba3606 Transfer: token=0xeeeeeeee from=0x458c2a06 to=0x351e1901
[searcher/live] 0x13ba3606 skip: no matching graph pool
[searcher/live] 0x13ba3606 end-to-end 1ms
[searcher/live] counters hints=289 impacts=26 opportunities=5 plans=60 solverEntered=0 solverSuccess=0 revmSimSuccess=0 rpcVerifySuccess=0 simSuccess=0 submitAttempts=0 accepted=0 expiredBeforeSolver=3 quoteTimeouts=0 simReverts=0 finalVerifyFailed=0 finalVerifySkipped=0 missingState=0 revmErrors=0 pendingReceived=55 pendingFilteredReceived=53 mempoolOpportunitySeen=5 mempoolToSim=0 cuProxyRpcCalls=0
[searcher/live] SSE reconnect: terminated
[searcher/live] hint tx=0x803580e1ee8a494f1496c7790c1b766c7a61b3661b6c9de9e21edb7d50df1b2b src=mempool
[searcher/live] MEV-Share SSE connected
[searcher/live] 0x803580e1 skip: nonce has already been used (transaction="<REDACTED_HEX_BLOB:736hex>", info={ "error": { "code": -32003, "message": "nonce too low" } }, code=NONCE_EXPIRED, version=6.16.0)
[searcher/live] 0x803580e1 end-to-end 3112ms
[searcher/live] counters hints=290 impacts=26 opportunities=5 plans=60 solverEntered=0 solverSuccess=0 revmSimSuccess=0 rpcVerifySuccess=0 simSuccess=0 submitAttempts=0 accepted=0 expiredBeforeSolver=3 quoteTimeouts=0 simReverts=0 finalVerifyFailed=0 finalVerifySkipped=0 missingState=0 revmErrors=0 pendingReceived=57 pendingFilteredReceived=55 mempoolOpportunitySeen=5 mempoolToSim=0 cuProxyRpcCalls=0
[searcher/live] hint tx=0x47969c6260c8d43c92c2d0f3ab7ef689c4d5ad912617aa1ba66680846110b1dc src=mev-share
[searcher/live] 0x47969c62 log: addr=0xf78bf0da t0=0xb9c5ff08
[searcher/live] 0x47969c62 Transfer: token=0xdac17f95 from=0xbdc092c0 to=0xc364e036
[searcher/live] 0x47969c62 token-index hit, trying RPC fetch
[searcher/live] state update block=25423682 reason=block recent=9/24 pinned=8/8 watched=17
[searcher/live] 0x47969c62 skip: tx not available from RPC (private MEV-Share tx)
[searcher/live] 0x47969c62 end-to-end 1944ms
[searcher/live] counters hints=291 impacts=26 opportunities=5 plans=60 solverEntered=0 solverSuccess=0 revmSimSuccess=0 rpcVerifySuccess=0 simSuccess=0 submitAttempts=0 accepted=0 expiredBeforeSolver=3 quoteTimeouts=0 simReverts=0 finalVerifyFailed=0 finalVerifySkipped=0 missingState=0 revmErrors=0 pendingReceived=58 pendingFilteredReceived=56 mempoolOpportunitySeen=5 mempoolToSim=0 cuProxyRpcCalls=0
[pool-updater] block=25423682 seeded v2=1 v3=8 watched=13/32 tickRefresh=1/5 859ms
[searcher/live] hint tx=0x436158ebfa4e9b8b34e3a1fe0f30b0d7b495642a43f12e7d033f6cb03ad82675 src=mempool
[searcher/live] 0x436158eb skip: nonce has already been used (transaction="<REDACTED_HEX_BLOB:752hex>", info={ "error": { "code": -32003, "message": "nonce too low" } }, code=NONCE_EXPIRED, version=6.16.0)
[searcher/live] 0x436158eb end-to-end 826ms
[searcher/live] counters hints=292 impacts=26 opportunities=5 plans=60 solverEntered=0 solverSuccess=0 revmSimSuccess=0 rpcVerifySuccess=0 simSuccess=0 submitAttempts=0 accepted=0 expiredBeforeSolver=3 quoteTimeouts=0 simReverts=0 finalVerifyFailed=0 finalVerifySkipped=0 missingState=0 revmErrors=0 pendingReceived=58 pendingFilteredReceived=56 mempoolOpportunitySeen=5 mempoolToSim=0 cuProxyRpcCalls=0
[searcher/live] hint tx=0xdbef1bf5a8d5585ada0891320eef629740e10ae511e8f18acf2c288fd6016594 src=mev-share
[searcher/live] 0xdbef1bf5 log: addr=0x00000000 t0=0x40e9cecb
[searcher/live] 0xdbef1bf5 log: addr=0x00000000 t0=0x40e9cecb
[searcher/live] 0xdbef1bf5 log: addr=0xe0554a47 t0=0xc42079f9
[searcher/live] 0xdbef1bf5 skip: no matching graph pool
[searcher/live] 0xdbef1bf5 end-to-end 3ms
[searcher/live] counters hints=293 impacts=26 opportunities=5 plans=60 solverEntered=0 solverSuccess=0 revmSimSuccess=0 rpcVerifySuccess=0 simSuccess=0 submitAttempts=0 accepted=0 expiredBeforeSolver=3 quoteTimeouts=0 simReverts=0 finalVerifyFailed=0 finalVerifySkipped=0 missingState=0 revmErrors=0 pendingReceived=58 pendingFilteredReceived=56 mempoolOpportunitySeen=5 mempoolToSim=0 cuProxyRpcCalls=0
[searcher/live] hint tx=0xa30783c34c1f31945cc8523f21debc3e65c3ae86dec1f89045bd2c8ed35cd8cc src=mempool
[searcher/live] 0xa30783c3 skip: nonce has already been used (transaction="<REDACTED_HEX_BLOB:2796hex>", info={ "error": { "code": -32003, "message": "nonce too low" } }, code=NONCE_EXPIRED, version=6.16.0)
[searcher/live] 0xa30783c3 end-to-end 334ms
[searcher/live] counters hints=294 impacts=26 opportunities=5 plans=60 solverEntered=0 solverSuccess=0 revmSimSuccess=0 rpcVerifySuccess=0 simSuccess=0 submitAttempts=0 accepted=0 expiredBeforeSolver=3 quoteTimeouts=0 simReverts=0 finalVerifyFailed=0 finalVerifySkipped=0 missingState=0 revmErrors=0 pendingReceived=58 pendingFilteredReceived=56 mempoolOpportunitySeen=5 mempoolToSim=0 cuProxyRpcCalls=0
[searcher/live] hint tx=0x5131891c66cc1e2a264aacb302b654f1034817a9af60e3d522c8f3dbef9cabfb src=mev-share
[searcher/live] 0x5131891c log: addr=0xf78bf0da t0=0xb9c5ff08
[searcher/live] 0x5131891c Transfer: token=0x7d8146cf from=0xa78b912a to=0xdb9c06e2
[searcher/live] 0x5131891c skip: no matching graph pool
[searcher/live] 0x5131891c end-to-end 3ms
[searcher/live] counters hints=295 impacts=26 opportunities=5 plans=60 solverEntered=0 solverSuccess=0 revmSimSuccess=0 rpcVerifySuccess=0 simSuccess=0 submitAttempts=0 accepted=0 expiredBeforeSolver=3 quoteTimeouts=0 simReverts=0 finalVerifyFailed=0 finalVerifySkipped=0 missingState=0 revmErrors=0 pendingReceived=58 pendingFilteredReceived=56 mempoolOpportunitySeen=5 mempoolToSim=0 cuProxyRpcCalls=0
[searcher/live] hint tx=0xddc8e8490b40e3cc13386e4b75cd7e4c8c651bd7173aae4df1c0eaf798d0eeac src=mempool
[searcher/live] 0xddc8e849 skip: nonce has already been used (transaction="<REDACTED_HEX_BLOB:4846hex>", info={ "error": { "code": -32003, "message": "nonce too low" } }, code=NONCE_EXPIRED, version=6.16.0)
[searcher/live] 0xddc8e849 end-to-end 336ms
[searcher/live] counters hints=296 impacts=26 opportunities=5 plans=60 solverEntered=0 solverSuccess=0 revmSimSuccess=0 rpcVerifySuccess=0 simSuccess=0 submitAttempts=0 accepted=0 expiredBeforeSolver=3 quoteTimeouts=0 simReverts=0 finalVerifyFailed=0 finalVerifySkipped=0 missingState=0 revmErrors=0 pendingReceived=58 pendingFilteredReceived=56 mempoolOpportunitySeen=5 mempoolToSim=0 cuProxyRpcCalls=0
[searcher/live] hint tx=0xe94c6020b8587094dbb46f46e00c791a9937dd4b9fd5a04baa0346ce3dba81e6 src=mev-share
[searcher/live] 0xe94c6020 log: addr=0xf78bf0da t0=0xb9c5ff08
[searcher/live] 0xe94c6020 Transfer: token=0x0c5d9fae from=0xa4f036e7 to=0xcfd28c5a
[searcher/live] 0xe94c6020 skip: no matching graph pool
[searcher/live] 0xe94c6020 end-to-end 4ms
[searcher/live] counters hints=297 impacts=26 opportunities=5 plans=60 solverEntered=0 solverSuccess=0 revmSimSuccess=0 rpcVerifySuccess=0 simSuccess=0 submitAttempts=0 accepted=0 expiredBeforeSolver=3 quoteTimeouts=0 simReverts=0 finalVerifyFailed=0 finalVerifySkipped=0 missingState=0 revmErrors=0 pendingReceived=58 pendingFilteredReceived=56 mempoolOpportunitySeen=5 mempoolToSim=0 cuProxyRpcCalls=0
[searcher/live] hint tx=0x2ad720d60cee49b6c12cca240a914925390ab4d21094fa0bbdf324e62607c3cc src=mempool
[searcher/live] 0x2ad720d6 skip: nonce has already been used (transaction="<REDACTED_HEX_BLOB:2734hex>", info={ "error": { "code": -32003, "message": "nonce too low" } }, code=NONCE_EXPIRED, version=6.16.0)
[searcher/live] 0x2ad720d6 end-to-end 336ms
[searcher/live] counters hints=298 impacts=26 opportunities=5 plans=60 solverEntered=0 solverSuccess=0 revmSimSuccess=0 rpcVerifySuccess=0 simSuccess=0 submitAttempts=0 accepted=0 expiredBeforeSolver=3 quoteTimeouts=0 simReverts=0 finalVerifyFailed=0 finalVerifySkipped=0 missingState=0 revmErrors=0 pendingReceived=58 pendingFilteredReceived=56 mempoolOpportunitySeen=5 mempoolToSim=0 cuProxyRpcCalls=0
[searcher/live] hint tx=0xca1ae69cdd291851ce1b6ce5f67e25103c604a0f772d29908963230d077eec67 src=mev-share
[searcher/live] 0xca1ae69c log: addr=0xf78bf0da t0=0xb9c5ff08
[searcher/live] 0xca1ae69c Transfer: token=0xdac17f95 from=0xb14346ce to=0xc364e036
[searcher/live] 0xca1ae69c token-index hit, trying RPC fetch
[searcher/live] 0xca1ae69c skip: tx not available from RPC (private MEV-Share tx)
[searcher/live] 0xca1ae69c end-to-end 4077ms
[searcher/live] counters hints=299 impacts=26 opportunities=5 plans=60 solverEntered=0 solverSuccess=0 revmSimSuccess=0 rpcVerifySuccess=0 simSuccess=0 submitAttempts=0 accepted=0 expiredBeforeSolver=3 quoteTimeouts=0 simReverts=0 finalVerifyFailed=0 finalVerifySkipped=0 missingState=0 revmErrors=0 pendingReceived=59 pendingFilteredReceived=57 mempoolOpportunitySeen=5 mempoolToSim=0 cuProxyRpcCalls=0
[pool-updater] ticks block=25423682 seeded=1 5934ms
[searcher/live] hint tx=0x642597e72e7fcaad8af3b74f29240d6c35cd1b65655f166c5110e7caa7139fd3 src=mempool
[searcher/live] 0x642597e7 skip: nonce has already been used (transaction="<REDACTED_HEX_BLOB:2734hex>", info={ "error": { "code": -32003, "message": "nonce too low" } }, code=NONCE_EXPIRED, version=6.16.0)
[searcher/live] 0x642597e7 end-to-end 249ms
[searcher/live] counters hints=300 impacts=26 opportunities=5 plans=60 solverEntered=0 solverSuccess=0 revmSimSuccess=0 rpcVerifySuccess=0 simSuccess=0 submitAttempts=0 accepted=0 expiredBeforeSolver=3 quoteTimeouts=0 simReverts=0 finalVerifyFailed=0 finalVerifySkipped=0 missingState=0 revmErrors=0 pendingReceived=59 pendingFilteredReceived=57 mempoolOpportunitySeen=5 mempoolToSim=0 cuProxyRpcCalls=0
[searcher/live] hint tx=0xec142fe54190465c4687e13e1d918692e8d4b95ee58c7bb39f39ed63eb2e293f src=mev-share
[searcher/live] 0xec142fe5 log: addr=0xf78bf0da t0=0xb9c5ff08
[searcher/live] 0xec142fe5 Transfer: token=0xdac17f95 from=0x3068aaa8 to=0xfeabf690
[searcher/live] 0xec142fe5 token-index hit, trying RPC fetch
[searcher/live] 0xec142fe5 skip: tx not available from RPC (private MEV-Share tx)
[searcher/live] 0xec142fe5 end-to-end 3971ms
[searcher/live] counters hints=301 impacts=26 opportunities=5 plans=60 solverEntered=0 solverSuccess=0 revmSimSuccess=0 rpcVerifySuccess=0 simSuccess=0 submitAttempts=0 accepted=0 expiredBeforeSolver=3 quoteTimeouts=0 simReverts=0 finalVerifyFailed=0 finalVerifySkipped=0 missingState=0 revmErrors=0 pendingReceived=60 pendingFilteredReceived=58 mempoolOpportunitySeen=5 mempoolToSim=0 cuProxyRpcCalls=0
[searcher/live] hint tx=0x43b15346398fcb8811c37c494dfb2c7259437a696e07bb3b90fa027fe05f64cc src=mempool
[searcher/live] 0x43b15346 skip: nonce has already been used (transaction="<REDACTED_HEX_BLOB:2414hex>", info={ "error": { "code": -32003, "message": "nonce too low" } }, code=NONCE_EXPIRED, version=6.16.0)
[searcher/live] 0x43b15346 end-to-end 265ms
[searcher/live] counters hints=302 impacts=26 opportunities=5 plans=60 solverEntered=0 solverSuccess=0 revmSimSuccess=0 rpcVerifySuccess=0 simSuccess=0 submitAttempts=0 accepted=0 expiredBeforeSolver=3 quoteTimeouts=0 simReverts=0 finalVerifyFailed=0 finalVerifySkipped=0 missingState=0 revmErrors=0 pendingReceived=60 pendingFilteredReceived=58 mempoolOpportunitySeen=5 mempoolToSim=0 cuProxyRpcCalls=0
[searcher/live] hint tx=0x356d21db703f6b7d17369abc38e7febe1bf9476adcfaeee1ac5b4b93f55cd2f0 src=mev-share
[searcher/live] 0x356d21db hint has 10 logs (batch)
[searcher/live] 0x356d21db token-index hit, trying RPC fetch
[searcher/live] state update block=25423683 reason=block recent=9/24 pinned=8/8 watched=17
[searcher/live] 0x356d21db skip: tx not available from RPC (private MEV-Share tx)
[searcher/live] 0x356d21db end-to-end 5090ms
[searcher/live] counters hints=303 impacts=26 opportunities=5 plans=60 solverEntered=0 solverSuccess=0 revmSimSuccess=0 rpcVerifySuccess=0 simSuccess=0 submitAttempts=0 accepted=0 expiredBeforeSolver=3 quoteTimeouts=0 simReverts=0 finalVerifyFailed=0 finalVerifySkipped=0 missingState=0 revmErrors=0 pendingReceived=60 pendingFilteredReceived=58 mempoolOpportunitySeen=5 mempoolToSim=0 cuProxyRpcCalls=0
[pool-updater] block=25423683 seeded v2=1 v3=8 watched=13/32 tickRefresh=1/5 3713ms
[searcher/live] hint tx=0xae2931d161c768a67a4cc792464466b2ef594d8cab7de5bdd33b3215f683292c src=mempool
[pool-updater] ticks block=25423683 seeded=1 4751ms
[searcher/live] state update block=25423684 reason=block recent=9/24 pinned=8/8 watched=17
[pool-updater] block=25423684 seeded v2=1 v3=8 watched=13/32 tickRefresh=1/5 1070ms
[pool-updater] ticks block=25423684 seeded=1 358ms
[searcher/live] 0xae2931d1 no matching graph pool
[searcher/live] 0xae2931d1 end-to-end 12196ms
[searcher/live] counters hints=304 impacts=26 opportunities=5 plans=60 solverEntered=0 solverSuccess=0 revmSimSuccess=0 rpcVerifySuccess=0 simSuccess=0 submitAttempts=0 accepted=0 expiredBeforeSolver=3 quoteTimeouts=0 simReverts=0 finalVerifyFailed=0 finalVerifySkipped=0 missingState=0 revmErrors=0 pendingReceived=62 pendingFilteredReceived=60 mempoolOpportunitySeen=5 mempoolToSim=0 cuProxyRpcCalls=0
[searcher/live] hint tx=0x98b37bf538590107a991f301cc059c2b79c485c52f693a8c5aff267fb924b461 src=mev-share
[searcher/live] 0x98b37bf5 log: addr=0xf78bf0da t0=0xb9c5ff08
[searcher/live] 0x98b37bf5 Transfer: token=0xa0b86991 from=0x08ec0883 to=0xb5e40183
[searcher/live] 0x98b37bf5 token-index hit, trying RPC fetch
[searcher/live] 0x98b37bf5 skip: tx not available from RPC (private MEV-Share tx)
[searcher/live] 0x98b37bf5 end-to-end 514ms
[searcher/live] counters hints=305 impacts=26 opportunities=5 plans=60 solverEntered=0 solverSuccess=0 revmSimSuccess=0 rpcVerifySuccess=0 simSuccess=0 submitAttempts=0 accepted=0 expiredBeforeSolver=3 quoteTimeouts=0 simReverts=0 finalVerifyFailed=0 finalVerifySkipped=0 missingState=0 revmErrors=0 pendingReceived=62 pendingFilteredReceived=60 mempoolOpportunitySeen=5 mempoolToSim=0 cuProxyRpcCalls=0
[searcher/live] hint tx=0xcb532db20f4ffe8c86deb087d91416c3412e00aaaabe165047b0eaf32a05f7e1 src=mempool
[searcher/live] 0xcb532db2 skip: nonce has already been used (transaction="<REDACTED_HEX_BLOB:3756hex>", info={ "error": { "code": -32003, "message": "nonce too low" } }, code=NONCE_EXPIRED, version=6.16.0)
[searcher/live] 0xcb532db2 end-to-end 649ms
[searcher/live] counters hints=306 impacts=26 opportunities=5 plans=60 solverEntered=0 solverSuccess=0 revmSimSuccess=0 rpcVerifySuccess=0 simSuccess=0 submitAttempts=0 accepted=0 expiredBeforeSolver=3 quoteTimeouts=0 simReverts=0 finalVerifyFailed=0 finalVerifySkipped=0 missingState=0 revmErrors=0 pendingReceived=62 pendingFilteredReceived=60 mempoolOpportunitySeen=5 mempoolToSim=0 cuProxyRpcCalls=0
[searcher/live] hint tx=0xa586038bc609d7a22ae7279a224b8ae40c76dcad5041a14baecb4922497b220e src=mev-share
[searcher/live] 0xa586038b Transfer: token=0xc02aaa39 from=0x278d858f to=0x15ab0333
[searcher/live] 0xa586038b Transfer: token=0xec67005c from=0x15ab0333 to=0x278d858f
[searcher/live] 0xa586038b log: addr=0x15ab0333 t0=0x1c411e9a
[searcher/live] 0xa586038b log: addr=0x15ab0333 t0=0xd78ad95f
[pool-impact] swap-only decoded: pool=0x15ab0333 0xC02aaA39→0xec67005c amt=6353766525023950
[searcher/live] 0xa586038b skip: hash-only hint (no rawTx); set SEARCHER_ENABLE_HASH_ONLY=1 to enable
[searcher/live] 0xa586038b end-to-end 902ms
[searcher/live] counters hints=307 impacts=27 opportunities=5 plans=60 solverEntered=0 solverSuccess=0 revmSimSuccess=0 rpcVerifySuccess=0 simSuccess=0 submitAttempts=0 accepted=0 expiredBeforeSolver=3 quoteTimeouts=0 simReverts=0 finalVerifyFailed=0 finalVerifySkipped=0 missingState=0 revmErrors=0 pendingReceived=63 pendingFilteredReceived=61 mempoolOpportunitySeen=5 mempoolToSim=0 cuProxyRpcCalls=0
[searcher/live] hint tx=0x382e3c2aeace483e71e515cdab0c5473c6161fe6ad036f694be518a8f9dffe20 src=mempool
[searcher/live] state update block=25423685 reason=block recent=9/24 pinned=8/8 watched=17
[pool-updater] block=25423685 seeded v2=1 v3=8 watched=13/32 tickRefresh=1/5 367ms
[pool-updater] ticks block=25423685 seeded=1 330ms
[searcher/live] detector: 1 opportunities — found in 9262ms (match=3ms fork=27ms prep=9221ms detect=11ms total=9262ms)
[searcher/live] planner: 20 candidate plans
[searcher/live] opportunity expired (9275ms > TTL 5000ms) — never reached solver. stage breakdown: match=3ms fork=27ms prep=9221ms detect=11ms plan=13ms total=9275ms
[searcher/live] 0x382e3c2a end-to-end 9276ms
[searcher/live] counters hints=308 impacts=28 opportunities=6 plans=80 solverEntered=0 solverSuccess=0 revmSimSuccess=0 rpcVerifySuccess=0 simSuccess=0 submitAttempts=0 accepted=0 expiredBeforeSolver=4 quoteTimeouts=0 simReverts=0 finalVerifyFailed=0 finalVerifySkipped=0 missingState=0 revmErrors=0 pendingReceived=63 pendingFilteredReceived=61 mempoolOpportunitySeen=6 mempoolToSim=0 cuProxyRpcCalls=0
[searcher/live] hint tx=0xf6a1af66d196000d706e6b3e38a9be3d4d015db455bee82065811477c602f0db src=mev-share
[searcher/live] 0xf6a1af66 Transfer: token=0xeeeeeeee from=0x4207837d to=0xac737a00
[searcher/live] 0xf6a1af66 Transfer: token=0xc02aaa39 from=0x278d858f to=0x15ab0333
[searcher/live] 0xf6a1af66 Transfer: token=0xec67005c from=0x15ab0333 to=0x278d858f
[searcher/live] 0xf6a1af66 log: addr=0x15ab0333 t0=0x1c411e9a
[searcher/live] 0xf6a1af66 log: addr=0x15ab0333 t0=0xd78ad95f
[pool-impact] swap-only decoded: pool=0x15ab0333 0xC02aaA39→0xec67005c amt=6353766525023950
[searcher/live] 0xf6a1af66 skip: hash-only hint (no rawTx); set SEARCHER_ENABLE_HASH_ONLY=1 to enable
[searcher/live] 0xf6a1af66 end-to-end 1ms
[searcher/live] counters hints=309 impacts=29 opportunities=6 plans=80 solverEntered=0 solverSuccess=0 revmSimSuccess=0 rpcVerifySuccess=0 simSuccess=0 submitAttempts=0 accepted=0 expiredBeforeSolver=4 quoteTimeouts=0 simReverts=0 finalVerifyFailed=0 finalVerifySkipped=0 missingState=0 revmErrors=0 pendingReceived=63 pendingFilteredReceived=61 mempoolOpportunitySeen=6 mempoolToSim=0 cuProxyRpcCalls=0
[searcher/live] hint tx=0x0ee28b8b7b83aee1e0880d3ffec1c548b3d210937d33f9d8990d5e84e31f15c6 src=mempool
[searcher/live] state update block=25423686 reason=block recent=9/24 pinned=8/8 watched=17
[pool-updater] block=25423686 seeded v2=1 v3=8 watched=13/32 tickRefresh=1/5 468ms
[pool-updater] ticks block=25423686 seeded=1 434ms
[searcher/live] state update block=25423687 reason=block recent=9/24 pinned=8/8 watched=17
[pool-updater] block=25423687 seeded v2=1 v3=8 watched=13/32 tickRefresh=1/5 242ms
[pool-updater] ticks block=25423687 seeded=1 543ms
[searcher/live] state update block=25423688 reason=block recent=6/24 pinned=8/8 watched=14
[pool-updater] block=25423688 seeded v2=1 v3=7 watched=11/32 tickRefresh=1/4 325ms
[pool-updater] ticks block=25423688 seeded=1 342ms
[searcher/live] state update block=25423689 reason=block recent=6/24 pinned=8/8 watched=14
[pool-updater] block=25423689 seeded v2=1 v3=7 watched=11/32 tickRefresh=1/4 410ms
[pool-updater] ticks block=25423689 seeded=1 332ms
[searcher/live] state update block=25423690 reason=block recent=6/24 pinned=8/8 watched=14
[pool-updater] block=25423690 seeded v2=1 v3=7 watched=11/32 tickRefresh=1/4 238ms
[pool-updater] ticks block=25423690 seeded=1 429ms
[searcher/live] detector: 4 opportunities — found in 68009ms (match=1ms fork=25ms prep=67976ms detect=7ms total=68009ms)
[searcher/live] planner: 6 candidate plans
[searcher/live] opportunity expired (68021ms > TTL 5000ms) — never reached solver. stage breakdown: match=1ms fork=25ms prep=67976ms detect=7ms plan=12ms total=68021ms
[searcher/live] 0x0ee28b8b end-to-end 68021ms
[searcher/live] counters hints=310 impacts=33 opportunities=10 plans=86 solverEntered=0 solverSuccess=0 revmSimSuccess=0 rpcVerifySuccess=0 simSuccess=0 submitAttempts=0 accepted=0 expiredBeforeSolver=5 quoteTimeouts=0 simReverts=0 finalVerifyFailed=0 finalVerifySkipped=0 missingState=0 revmErrors=0 pendingReceived=73 pendingFilteredReceived=71 mempoolOpportunitySeen=10 mempoolToSim=0 cuProxyRpcCalls=0
[searcher/live] hint tx=0xc001333b9b3709ae5cc044aa8ac4d5e1449ea84d2c4d908ed2dee71b77475e58 src=mev-share
[searcher/live] 0xc001333b log: addr=0xf78bf0da t0=0xb9c5ff08
[searcher/live] 0xc001333b Transfer: token=0xc02aaa39 from=0x278d858f to=0x15ab0333
[searcher/live] 0xc001333b Transfer: token=0xec67005c from=0x15ab0333 to=0x278d858f
[searcher/live] 0xc001333b log: addr=0x15ab0333 t0=0x1c411e9a
[searcher/live] 0xc001333b log: addr=0x15ab0333 t0=0xd78ad95f
[pool-impact] swap-only decoded: pool=0x15ab0333 0xC02aaA39→0xec67005c amt=6353766525023950
[searcher/live] 0xc001333b skip: hash-only hint (no rawTx); set SEARCHER_ENABLE_HASH_ONLY=1 to enable
[searcher/live] 0xc001333b end-to-end 2ms
[searcher/live] counters hints=311 impacts=34 opportunities=10 plans=86 solverEntered=0 solverSuccess=0 revmSimSuccess=0 rpcVerifySuccess=0 simSuccess=0 submitAttempts=0 accepted=0 expiredBeforeSolver=5 quoteTimeouts=0 simReverts=0 finalVerifyFailed=0 finalVerifySkipped=0 missingState=0 revmErrors=0 pendingReceived=73 pendingFilteredReceived=71 mempoolOpportunitySeen=10 mempoolToSim=0 cuProxyRpcCalls=0
[searcher/live] SSE reconnect: terminated
[searcher/live] hint tx=0xb56064a21a5f2b52d9f58338d9077eaff870bf1b770c8120d47a66b5f92200d8 src=mempool
[searcher/live] MEV-Share SSE connected
[searcher/live] state update block=25423691 reason=block recent=11/24 pinned=8/8 watched=19
[pool-updater] block=25423691 seeded v2=1 v3=9 watched=15/32 tickRefresh=1/6 252ms
[pool-updater] ticks block=25423691 seeded=1 446ms
[searcher/live] 0xb56064a2 no matching graph pool
[searcher/live] 0xb56064a2 end-to-end 3687ms
[searcher/live] counters hints=312 impacts=34 opportunities=10 plans=86 solverEntered=0 solverSuccess=0 revmSimSuccess=0 rpcVerifySuccess=0 simSuccess=0 submitAttempts=0 accepted=0 expiredBeforeSolver=5 quoteTimeouts=0 simReverts=0 finalVerifyFailed=0 finalVerifySkipped=0 missingState=0 revmErrors=0 pendingReceived=73 pendingFilteredReceived=71 mempoolOpportunitySeen=10 mempoolToSim=0 cuProxyRpcCalls=0
[searcher/live] hint tx=0x83ad5fa5b1e4a78a2f6b377dc7ea29fbe8814fb1513814953fb37ed3c4271795 src=mev-share
[searcher/live] 0x83ad5fa5 log: addr=0xf78bf0da t0=0xb9c5ff08
[searcher/live] 0x83ad5fa5 Transfer: token=0xeeeeeeee from=0x8e54cfa8 to=0x97981f60
[searcher/live] 0x83ad5fa5 skip: no matching graph pool
[searcher/live] 0x83ad5fa5 end-to-end 1ms
[searcher/live] counters hints=313 impacts=34 opportunities=10 plans=86 solverEntered=0 solverSuccess=0 revmSimSuccess=0 rpcVerifySuccess=0 simSuccess=0 submitAttempts=0 accepted=0 expiredBeforeSolver=5 quoteTimeouts=0 simReverts=0 finalVerifyFailed=0 finalVerifySkipped=0 missingState=0 revmErrors=0 pendingReceived=73 pendingFilteredReceived=71 mempoolOpportunitySeen=10 mempoolToSim=0 cuProxyRpcCalls=0
[searcher/live] hint tx=0xbbf086169f4584ae003f2206e37ce4cc4aa81f7124c0471d4849842973fc9db6 src=mempool
[searcher/live] state update block=25423692 reason=block recent=11/24 pinned=8/8 watched=19
[pool-impact] swap-only decoded: pool=0xcaa00441 0x2a3bFF78→0xC02aaA39 amt=12106000000000000000000
[searcher/live] detector: 1 opportunities — found in 11491ms (match=1ms fork=25ms prep=10528ms detect=937ms total=11491ms)
[planner] 0 candidates start=0xc02aaa39b223fe8d0a0e5c4f27ead9083c756cc2 profit=0xc02aaa39b223fe8d0a0e5c4f27ead9083c756cc2 impact=0xcaa004418eb42cdf00cb057b7c9e28f0ffd840a5 0x2a3bff78b79a009976eea096a51a948a3dc00e34->0xc02aaa39b223fe8d0a0e5c4f27ead9083c756cc2 | class=impact_pool_not_in_routing_graph | skip=no_borrowable_token_or_no_path | flash-lend-swap-repay: edges=4904/4904 raw=95 focused=0 prunedRoundtrip=7 duplicates=0 constraintPass=0 rotatedPlans=0 noBorrowable=0 | flash-swap-repay: edges=4903/4904 raw=95 focused=0 prunedRoundtrip=7 duplicates=0 constraintPass=0 rotatedPlans=0 noBorrowable=0
[searcher/live] planner: 0 candidate plans
[searcher/live] 0xbbf08616 end-to-end 11502ms
[searcher/live] counters hints=314 impacts=35 opportunities=11 plans=86 solverEntered=0 solverSuccess=0 revmSimSuccess=0 rpcVerifySuccess=0 simSuccess=0 submitAttempts=0 accepted=0 expiredBeforeSolver=5 quoteTimeouts=0 simReverts=0 finalVerifyFailed=0 finalVerifySkipped=0 missingState=0 revmErrors=0 pendingReceived=73 pendingFilteredReceived=71 mempoolOpportunitySeen=11 mempoolToSim=0 cuProxyRpcCalls=0
[searcher/live] hint tx=0x858394ce14dca25974409e5155ba57bacb7b1e7366dd64606a4564c2c2515182 src=mev-share
[searcher/live] 0x858394ce log: addr=0xf78bf0da t0=0xb9c5ff08
[searcher/live] 0x858394ce Transfer: token=0xeeeeeeee from=0x62425cd6 to=0x5d929044
[searcher/live] 0x858394ce skip: no matching graph pool
[searcher/live] 0x858394ce end-to-end 2ms
[searcher/live] counters hints=315 impacts=35 opportunities=11 plans=86 solverEntered=0 solverSuccess=0 revmSimSuccess=0 rpcVerifySuccess=0 simSuccess=0 submitAttempts=0 accepted=0 expiredBeforeSolver=5 quoteTimeouts=0 simReverts=0 finalVerifyFailed=0 finalVerifySkipped=0 missingState=0 revmErrors=0 pendingReceived=73 pendingFilteredReceived=71 mempoolOpportunitySeen=11 mempoolToSim=0 cuProxyRpcCalls=0
[searcher/live] hint tx=0x9893599cdb4a596f3be84729680c4e029f1602a2923d1ee7739e42f52e2cd7f9 src=mempool
[searcher/live] 0x9893599c no matching graph pool
[searcher/live] 0x9893599c end-to-end 2823ms
[searcher/live] counters hints=316 impacts=35 opportunities=11 plans=86 solverEntered=0 solverSuccess=0 revmSimSuccess=0 rpcVerifySuccess=0 simSuccess=0 submitAttempts=0 accepted=0 expiredBeforeSolver=5 quoteTimeouts=0 simReverts=0 finalVerifyFailed=0 finalVerifySkipped=0 missingState=0 revmErrors=0 pendingReceived=73 pendingFilteredReceived=71 mempoolOpportunitySeen=11 mempoolToSim=0 cuProxyRpcCalls=0
[searcher/live] hint tx=0x15bd221255605d72277efb2327d0aef56ab26b84387a95647fb1cd7b8f6dd66a src=mev-share
[searcher/live] 0x15bd2212 log: addr=0xf78bf0da t0=0xb9c5ff08
[searcher/live] 0x15bd2212 Transfer: token=0xa0b86991 from=0x9d09c7c6 to=0x09f96d8d
[searcher/live] 0x15bd2212 token-index hit, trying RPC fetch
[searcher/live] 0x15bd2212 skip: tx not available from RPC (private MEV-Share tx)
[searcher/live] 0x15bd2212 end-to-end 1977ms
[searcher/live] counters hints=317 impacts=35 opportunities=11 plans=86 solverEntered=0 solverSuccess=0 revmSimSuccess=0 rpcVerifySuccess=0 simSuccess=0 submitAttempts=0 accepted=0 expiredBeforeSolver=5 quoteTimeouts=0 simReverts=0 finalVerifyFailed=0 finalVerifySkipped=0 missingState=0 revmErrors=0 pendingReceived=73 pendingFilteredReceived=71 mempoolOpportunitySeen=11 mempoolToSim=0 cuProxyRpcCalls=0
[pool-updater] block=25423692 seeded v2=1 v3=9 watched=15/32 tickRefresh=1/6 5222ms
[searcher/live] hint tx=0x727578eafdb9928d194ce046c97775fc0e82b4701a1fe5116d87b923389c37e5 src=mempool
[searcher/live] 0x727578ea no matching graph pool
[searcher/live] 0x727578ea end-to-end 3008ms
[searcher/live] counters hints=318 impacts=35 opportunities=11 plans=86 solverEntered=0 solverSuccess=0 revmSimSuccess=0 rpcVerifySuccess=0 simSuccess=0 submitAttempts=0 accepted=0 expiredBeforeSolver=5 quoteTimeouts=0 simReverts=0 finalVerifyFailed=0 finalVerifySkipped=0 missingState=0 revmErrors=0 pendingReceived=73 pendingFilteredReceived=71 mempoolOpportunitySeen=11 mempoolToSim=0 cuProxyRpcCalls=0
[searcher/live] hint tx=0x2ddb21d01d1e6440f8d796cb0edc49944bafacaa2841d163421bb8a412c74ee0 src=mev-share
[searcher/live] 0x2ddb21d0 log: addr=0xf78bf0da t0=0xb9c5ff08
[searcher/live] 0x2ddb21d0 Transfer: token=0x8290333c from=0xa4f499d3 to=0x55313ea4
[searcher/live] 0x2ddb21d0 skip: no matching graph pool
[searcher/live] 0x2ddb21d0 end-to-end 2ms
[searcher/live] counters hints=319 impacts=35 opportunities=11 plans=86 solverEntered=0 solverSuccess=0 revmSimSuccess=0 rpcVerifySuccess=0 simSuccess=0 submitAttempts=0 accepted=0 expiredBeforeSolver=5 quoteTimeouts=0 simReverts=0 finalVerifyFailed=0 finalVerifySkipped=0 missingState=0 revmErrors=0 pendingReceived=73 pendingFilteredReceived=71 mempoolOpportunitySeen=11 mempoolToSim=0 cuProxyRpcCalls=0
[searcher/live] hint tx=0x0a37ab009a676193c714282503a3ba44a56a10ff5d5cd667342892ccdee750c6 src=mempool
[pool-updater] ticks block=25423692 seeded=1 3364ms
[searcher/live] state update block=25423693 reason=block recent=11/24 pinned=8/8 watched=19
[pool-updater] block=25423693 seeded v2=1 v3=9 watched=15/32 tickRefresh=1/6 254ms
[pool-updater] ticks block=25423693 seeded=1 337ms
[searcher/live] 0x0a37ab00 no matching graph pool
[searcher/live] 0x0a37ab00 end-to-end 5306ms
[searcher/live] counters hints=320 impacts=35 opportunities=11 plans=86 solverEntered=0 solverSuccess=0 revmSimSuccess=0 rpcVerifySuccess=0 simSuccess=0 submitAttempts=0 accepted=0 expiredBeforeSolver=5 quoteTimeouts=0 simReverts=0 finalVerifyFailed=0 finalVerifySkipped=0 missingState=0 revmErrors=0 pendingReceived=73 pendingFilteredReceived=71 mempoolOpportunitySeen=11 mempoolToSim=0 cuProxyRpcCalls=0
[searcher/live] hint tx=0x402ddd4048907387e2143812c9f8d5fce7a463be0e0a9c4f0fb95fa9fd12972d src=mev-share
[searcher/live] 0x402ddd40 log: addr=0xf78bf0da t0=0xb9c5ff08
[searcher/live] 0x402ddd40 Transfer: token=0xeeeeeeee from=0x81cb01c2 to=0xeba88149
[searcher/live] 0x402ddd40 skip: no matching graph pool
[searcher/live] 0x402ddd40 end-to-end 1ms
[searcher/live] counters hints=321 impacts=35 opportunities=11 plans=86 solverEntered=0 solverSuccess=0 revmSimSuccess=0 rpcVerifySuccess=0 simSuccess=0 submitAttempts=0 accepted=0 expiredBeforeSolver=5 quoteTimeouts=0 simReverts=0 finalVerifyFailed=0 finalVerifySkipped=0 missingState=0 revmErrors=0 pendingReceived=73 pendingFilteredReceived=71 mempoolOpportunitySeen=11 mempoolToSim=0 cuProxyRpcCalls=0
[searcher/live] hint tx=0x4cb9982ae8652abdb4bdfb8a3bc854847190fc675bd072ae1a84f9c2efffd22d src=mempool
[searcher/live] detector: 1 opportunities — found in 9698ms (match=1ms fork=24ms prep=9664ms detect=8ms total=9698ms)
[searcher/live] planner: 20 candidate plans
[searcher/live] opportunity expired (9711ms > TTL 5000ms) — never reached solver. stage breakdown: match=1ms fork=24ms prep=9664ms detect=8ms plan=14ms total=9711ms
[searcher/live] 0x4cb9982a end-to-end 9711ms
[searcher/live] counters hints=322 impacts=36 opportunities=12 plans=106 solverEntered=0 solverSuccess=0 revmSimSuccess=0 rpcVerifySuccess=0 simSuccess=0 submitAttempts=0 accepted=0 expiredBeforeSolver=6 quoteTimeouts=0 simReverts=0 finalVerifyFailed=0 finalVerifySkipped=0 missingState=0 revmErrors=0 pendingReceived=76 pendingFilteredReceived=73 mempoolOpportunitySeen=12 mempoolToSim=0 cuProxyRpcCalls=0
[searcher/live] hint tx=0xc6adf360f48e5884beeb0ec738375a05d0d1c88bfe4c7a7d96cc31395cafed5b src=mev-share
[searcher/live] 0xc6adf360 log: addr=0xf78bf0da t0=0xb9c5ff08
[searcher/live] 0xc6adf360 Transfer: token=0xeeeeeeee from=0x7950bd88 to=0xeba88149
[searcher/live] 0xc6adf360 skip: no matching graph pool
[searcher/live] 0xc6adf360 end-to-end 1ms
[searcher/live] counters hints=323 impacts=36 opportunities=12 plans=106 solverEntered=0 solverSuccess=0 revmSimSuccess=0 rpcVerifySuccess=0 simSuccess=0 submitAttempts=0 accepted=0 expiredBeforeSolver=6 quoteTimeouts=0 simReverts=0 finalVerifyFailed=0 finalVerifySkipped=0 missingState=0 revmErrors=0 pendingReceived=76 pendingFilteredReceived=73 mempoolOpportunitySeen=12 mempoolToSim=0 cuProxyRpcCalls=0
[searcher/live] hint tx=0x888531dbd495b11bdbe4f871081ecbf7ef29d86d2e3b5e92bd082ebe41db69e1 src=mempool
[searcher/live] 0x888531db skip: victim apply failed: 0x888531dbd495b11bdbe4f871081ecbf7ef29d86d2e3b5e92bd082ebe41db69e1
[searcher/live] 0x888531db end-to-end 1240ms
[searcher/live] counters hints=324 impacts=36 opportunities=12 plans=106 solverEntered=0 solverSuccess=0 revmSimSuccess=0 rpcVerifySuccess=0 simSuccess=0 submitAttempts=0 accepted=0 expiredBeforeSolver=6 quoteTimeouts=0 simReverts=0 finalVerifyFailed=0 finalVerifySkipped=0 missingState=0 revmErrors=0 pendingReceived=76 pendingFilteredReceived=73 mempoolOpportunitySeen=12 mempoolToSim=0 cuProxyRpcCalls=0
[searcher/live] hint tx=0xcfe3d8653194cddfbb6e0d70d60e3a9148fdfecc939e1ece1db9c4320f04d6a6 src=mev-share
[searcher/live] 0xcfe3d865 log: addr=0xf78bf0da t0=0xb9c5ff08
[searcher/live] 0xcfe3d865 Transfer: token=0xdac17f95 from=0xa86f039c to=0x6fe39f28
[searcher/live] 0xcfe3d865 token-index hit, trying RPC fetch
[searcher/live] 0xcfe3d865 skip: tx not available from RPC (private MEV-Share tx)
[searcher/live] 0xcfe3d865 end-to-end 468ms
[searcher/live] counters hints=325 impacts=36 opportunities=12 plans=106 solverEntered=0 solverSuccess=0 revmSimSuccess=0 rpcVerifySuccess=0 simSuccess=0 submitAttempts=0 accepted=0 expiredBeforeSolver=6 quoteTimeouts=0 simReverts=0 finalVerifyFailed=0 finalVerifySkipped=0 missingState=0 revmErrors=0 pendingReceived=76 pendingFilteredReceived=73 mempoolOpportunitySeen=12 mempoolToSim=0 cuProxyRpcCalls=0
[searcher/live] hint tx=0x81fe6e3ba557c59f15c354fb0f88f859a57d44b24a04227b60ddc0f22869a6b3 src=mempool
[searcher/live] state update block=25423694 reason=block recent=11/24 pinned=8/8 watched=19
[pool-updater] block=25423694 seeded v2=1 v3=9 watched=15/32 tickRefresh=1/6 396ms
[pool-updater] ticks block=25423694 seeded=1 638ms
[searcher/live] 0x81fe6e3b skip: victim apply failed: 0x81fe6e3ba557c59f15c354fb0f88f859a57d44b24a04227b60ddc0f22869a6b3
[searcher/live] 0x81fe6e3b end-to-end 2135ms
[searcher/live] counters hints=326 impacts=36 opportunities=12 plans=106 solverEntered=0 solverSuccess=0 revmSimSuccess=0 rpcVerifySuccess=0 simSuccess=0 submitAttempts=0 accepted=0 expiredBeforeSolver=6 quoteTimeouts=0 simReverts=0 finalVerifyFailed=0 finalVerifySkipped=0 missingState=0 revmErrors=0 pendingReceived=76 pendingFilteredReceived=73 mempoolOpportunitySeen=12 mempoolToSim=0 cuProxyRpcCalls=0
[searcher/live] hint tx=0xd88dfbb475172ffe0a91c56876b55dafe35ad0a6ad9a82b25ac209b5b068ffba src=mev-share
[searcher/live] 0xd88dfbb4 log: addr=0xf78bf0da t0=0xb9c5ff08
[searcher/live] 0xd88dfbb4 Transfer: token=0xdac17f95 from=0x2982bb64 to=0x99cb01b5
[searcher/live] 0xd88dfbb4 token-index hit, trying RPC fetch
[searcher/live] 0xd88dfbb4 skip: tx not available from RPC (private MEV-Share tx)
[searcher/live] 0xd88dfbb4 end-to-end 461ms
[searcher/live] counters hints=327 impacts=36 opportunities=12 plans=106 solverEntered=0 solverSuccess=0 revmSimSuccess=0 rpcVerifySuccess=0 simSuccess=0 submitAttempts=0 accepted=0 expiredBeforeSolver=6 quoteTimeouts=0 simReverts=0 finalVerifyFailed=0 finalVerifySkipped=0 missingState=0 revmErrors=0 pendingReceived=76 pendingFilteredReceived=73 mempoolOpportunitySeen=12 mempoolToSim=0 cuProxyRpcCalls=0
[searcher/live] hint tx=0x36453912c0286972ba6410313fbb4964ab620e3175daadd8cabbc5822764b10f src=mempool
[searcher/live] 0x36453912 skip: victim apply failed: 0x36453912c0286972ba6410313fbb4964ab620e3175daadd8cabbc5822764b10f
[searcher/live] 0x36453912 end-to-end 4367ms
[searcher/live] counters hints=328 impacts=36 opportunities=12 plans=106 solverEntered=0 solverSuccess=0 revmSimSuccess=0 rpcVerifySuccess=0 simSuccess=0 submitAttempts=0 accepted=0 expiredBeforeSolver=6 quoteTimeouts=0 simReverts=0 finalVerifyFailed=0 finalVerifySkipped=0 missingState=0 revmErrors=0 pendingReceived=77 pendingFilteredReceived=74 mempoolOpportunitySeen=12 mempoolToSim=0 cuProxyRpcCalls=0
[searcher/live] hint tx=0x6e5f257cf3560c86cd1602874895020ebaf83da982a3c359bea87f8bcd47997a src=mev-share
[searcher/live] 0x6e5f257c log: addr=0xf78bf0da t0=0xb9c5ff08
[searcher/live] 0x6e5f257c Transfer: token=0x5a98fcbe from=0x530d860e to=0xd59d94bd
[searcher/live] 0x6e5f257c token-index hit, trying RPC fetch
[searcher/live] 0x6e5f257c skip: tx not available from RPC (private MEV-Share tx)
[searcher/live] 0x6e5f257c end-to-end 459ms
[searcher/live] counters hints=329 impacts=36 opportunities=12 plans=106 solverEntered=0 solverSuccess=0 revmSimSuccess=0 rpcVerifySuccess=0 simSuccess=0 submitAttempts=0 accepted=0 expiredBeforeSolver=6 quoteTimeouts=0 simReverts=0 finalVerifyFailed=0 finalVerifySkipped=0 missingState=0 revmErrors=0 pendingReceived=77 pendingFilteredReceived=74 mempoolOpportunitySeen=12 mempoolToSim=0 cuProxyRpcCalls=0
[searcher/live] hint tx=0x6d4c275e7bdd0d86babb8d456a6b3f3a0b61f0742df1527f6aafdf499ea97b11 src=mempool
[searcher/live] 0x6d4c275e skip: victim apply failed: 0x6d4c275e7bdd0d86babb8d456a6b3f3a0b61f0742df1527f6aafdf499ea97b11
[searcher/live] 0x6d4c275e end-to-end 1208ms
[searcher/live] counters hints=330 impacts=36 opportunities=12 plans=106 solverEntered=0 solverSuccess=0 revmSimSuccess=0 rpcVerifySuccess=0 simSuccess=0 submitAttempts=0 accepted=0 expiredBeforeSolver=6 quoteTimeouts=0 simReverts=0 finalVerifyFailed=0 finalVerifySkipped=0 missingState=0 revmErrors=0 pendingReceived=77 pendingFilteredReceived=74 mempoolOpportunitySeen=12 mempoolToSim=0 cuProxyRpcCalls=0
[searcher/live] hint tx=0x7ca192cc0782d1581c1f4d398f1014ecd8a52502e355183523768bc0f7ba9751 src=mev-share
[searcher/live] 0x7ca192cc log: addr=0xf78bf0da t0=0xb9c5ff08
[searcher/live] 0x7ca192cc Transfer: token=0xa0b86991 from=0xd4466045 to=0xa992e2b2
[searcher/live] 0x7ca192cc token-index hit, trying RPC fetch
[searcher/live] 0x7ca192cc skip: tx not available from RPC (private MEV-Share tx)
[searcher/live] 0x7ca192cc end-to-end 456ms
[searcher/live] counters hints=331 impacts=36 opportunities=12 plans=106 solverEntered=0 solverSuccess=0 revmSimSuccess=0 rpcVerifySuccess=0 simSuccess=0 submitAttempts=0 accepted=0 expiredBeforeSolver=6 quoteTimeouts=0 simReverts=0 finalVerifyFailed=0 finalVerifySkipped=0 missingState=0 revmErrors=0 pendingReceived=77 pendingFilteredReceived=74 mempoolOpportunitySeen=12 mempoolToSim=0 cuProxyRpcCalls=0
[searcher/live] hint tx=0x016faecea191a7031c6bf5a500e5955a542e9fa80ca78c6d9514591e1bc5ad30 src=mempool
[searcher/live] state update block=25423695 reason=block recent=11/24 pinned=8/8 watched=19
[pool-updater] block=25423695 seeded v2=1 v3=9 watched=15/32 tickRefresh=1/6 429ms
[pool-updater] ticks block=25423695 seeded=1 428ms
[searcher/live] 0x016faece no matching graph pool
[searcher/live] 0x016faece end-to-end 12703ms
[searcher/live] counters hints=332 impacts=36 opportunities=12 plans=106 solverEntered=0 solverSuccess=0 revmSimSuccess=0 rpcVerifySuccess=0 simSuccess=0 submitAttempts=0 accepted=0 expiredBeforeSolver=6 quoteTimeouts=0 simReverts=0 finalVerifyFailed=0 finalVerifySkipped=0 missingState=0 revmErrors=0 pendingReceived=77 pendingFilteredReceived=74 mempoolOpportunitySeen=12 mempoolToSim=0 cuProxyRpcCalls=0
[searcher/live] hint tx=0x6040e504fc61001dafe44b6c862fb7736439c34c61100ff5b17ec84d6116e8fa src=mev-share
[searcher/live] 0x6040e504 log: addr=0xf78bf0da t0=0xb9c5ff08
[searcher/live] 0x6040e504 Transfer: token=0xdef1ca1f from=0x5d7f76ab to=0x6210f90d
[searcher/live] 0x6040e504 token-index hit, trying RPC fetch
[searcher/live] 0x6040e504 skip: tx not available from RPC (private MEV-Share tx)
[searcher/live] 0x6040e504 end-to-end 449ms
[searcher/live] counters hints=333 impacts=36 opportunities=12 plans=106 solverEntered=0 solverSuccess=0 revmSimSuccess=0 rpcVerifySuccess=0 simSuccess=0 submitAttempts=0 accepted=0 expiredBeforeSolver=6 quoteTimeouts=0 simReverts=0 finalVerifyFailed=0 finalVerifySkipped=0 missingState=0 revmErrors=0 pendingReceived=77 pendingFilteredReceived=74 mempoolOpportunitySeen=12 mempoolToSim=0 cuProxyRpcCalls=0
[searcher/live] hint tx=0xf17a5cd66f9cde389ec43e758315f4fb4b16f70d0d7124e2c9882bef3d4621a5 src=mempool
[searcher/live] state update block=25423696 reason=block recent=11/24 pinned=8/8 watched=19
[pool-updater] block=25423696 seeded v2=1 v3=9 watched=15/32 tickRefresh=1/6 370ms
[searcher/live] 0xf17a5cd6 skip: victim apply failed: 0xf17a5cd66f9cde389ec43e758315f4fb4b16f70d0d7124e2c9882bef3d4621a5
[searcher/live] 0xf17a5cd6 end-to-end 1537ms
[searcher/live] counters hints=334 impacts=36 opportunities=12 plans=106 solverEntered=0 solverSuccess=0 revmSimSuccess=0 rpcVerifySuccess=0 simSuccess=0 submitAttempts=0 accepted=0 expiredBeforeSolver=6 quoteTimeouts=0 simReverts=0 finalVerifyFailed=0 finalVerifySkipped=0 missingState=0 revmErrors=0 pendingReceived=77 pendingFilteredReceived=74 mempoolOpportunitySeen=12 mempoolToSim=0 cuProxyRpcCalls=0
[searcher/live] hint tx=0x18351844c7752e9f23586ca2e29dd76fbe270dc98a09d5a0b232d8cb0f185959 src=mev-share
[searcher/live] 0x18351844 log: addr=0xf78bf0da t0=0xb9c5ff08
[searcher/live] 0x18351844 Transfer: token=0xc1836021 from=0xea9f396a to=0xb647a111
[searcher/live] 0x18351844 log: addr=0xc1836021 t0=0x8c5be1e5
[searcher/live] 0x18351844 skip: no matching graph pool
[searcher/live] 0x18351844 end-to-end 1ms
[searcher/live] counters hints=335 impacts=36 opportunities=12 plans=106 solverEntered=0 solverSuccess=0 revmSimSuccess=0 rpcVerifySuccess=0 simSuccess=0 submitAttempts=0 accepted=0 expiredBeforeSolver=6 quoteTimeouts=0 simReverts=0 finalVerifyFailed=0 finalVerifySkipped=0 missingState=0 revmErrors=0 pendingReceived=77 pendingFilteredReceived=74 mempoolOpportunitySeen=12 mempoolToSim=0 cuProxyRpcCalls=0
[searcher/live] hint tx=0x737556304b670485c212763fe88646a41e8a41bfc105e58761c35fbd3c1368db src=mempool
[pool-updater] ticks block=25423696 seeded=1 1056ms
[searcher/live] 0x73755630 no matching graph pool
[searcher/live] 0x73755630 end-to-end 8413ms
[searcher/live] counters hints=336 impacts=36 opportunities=12 plans=106 solverEntered=0 solverSuccess=0 revmSimSuccess=0 rpcVerifySuccess=0 simSuccess=0 submitAttempts=0 accepted=0 expiredBeforeSolver=6 quoteTimeouts=0 simReverts=0 finalVerifyFailed=0 finalVerifySkipped=0 missingState=0 revmErrors=0 pendingReceived=77 pendingFilteredReceived=74 mempoolOpportunitySeen=12 mempoolToSim=0 cuProxyRpcCalls=0
[searcher/live] hint tx=0x48c93faac1315c7f8f5a97e23353be4af7bbfd7a8e3b6d61382eb7d3f4535dad src=mev-share
[searcher/live] 0x48c93faa log: addr=0xf78bf0da t0=0xb9c5ff08
[searcher/live] 0x48c93faa Transfer: token=0xdac17f95 from=0xe02b6bc3 to=0x78dff89b
[searcher/live] 0x48c93faa token-index hit, trying RPC fetch
[searcher/live] 0x48c93faa skip: tx not available from RPC (private MEV-Share tx)
[searcher/live] 0x48c93faa end-to-end 449ms
[searcher/live] counters hints=337 impacts=36 opportunities=12 plans=106 solverEntered=0 solverSuccess=0 revmSimSuccess=0 rpcVerifySuccess=0 simSuccess=0 submitAttempts=0 accepted=0 expiredBeforeSolver=6 quoteTimeouts=0 simReverts=0 finalVerifyFailed=0 finalVerifySkipped=0 missingState=0 revmErrors=0 pendingReceived=77 pendingFilteredReceived=74 mempoolOpportunitySeen=12 mempoolToSim=0 cuProxyRpcCalls=0
[searcher/live] hint tx=0x9980d1dc85a07d27e97d89cddc52049635bcd020ec09daf83ab2f343250ed73a src=mempool
